date,implied_probability,market_id,token_id,title,category,category_base,category_expanded,source_category,tag_labels,outcome_label,volume,liquidity,bid,ask,spread,active,closed,start_date,expiry_date,created_at,url_slug,log_volume,bid_ask_spread,time_to_expiry_days,market_age_days,prob_level,prob_return,rolling_volatility_7d,rolling_volatility_14d,future_volatility_7d,recent_volatility_7d,predicted_future_volatility_7d,risk_score
2026-05-30,0.415,2244109,18110789428391406482230306080653613096309178214543987995456679527322864131310,"Will Hyperliquid perform an airdrop by June 30, 2027?",Crypto Airdrops,Crypto,Crypto Airdrops,,"Crypto, Airdrops, Featured, Pre-Market",Yes,105.417595,161.624,0.22,0.61,0.39,True,False,2026-05-12 19:45:54.129729,2027-07-01 04:00:00,2026-05-12T19:37:45.161001Z,will-hyperliquid-perform-an-airdrop-by-june-30-2027,4.667370929777358,0.39,397,17,0.415,0.0,0.0254717397091271,0.0173403233299386,,0.0254717397091271,0.06719413759754012,10.0
2026-05-30,0.455,2119266,4073964439546781679844222219197458984323215148120046536055850319869173017640,"Will MegaETH perform an airdrop by December 31, 2026?",Crypto Airdrops,Crypto,Crypto Airdrops,,"Airdrops, MegaETH, Crypto, Pre-Market",Yes,5400.663769999998,1016.3042,0.28,0.53,0.25,True,False,2026-04-29 21:35:24.690660,2027-01-01 05:00:00,2026-04-29T21:32:45.048017Z,will-megaeth-perform-an-airdrop-by-december-31-2026,8.594462290653151,0.25,216,30,0.455,0.1,0.0579121859206715,0.0569873702450782,,0.0579121859206715,0.060831844523311966,9.05
2026-05-30,0.41,2100106,35599907049186982879557420969598528789434547136942253652554709047485665633870,"Will Hyperliquid perform an airdrop by December 31, 2027?",Crypto Airdrops,Crypto,Crypto Airdrops,,"Crypto, Airdrops, Featured, Pre-Market",Yes,1563.3346289999995,533.1941,0.39,0.45,0.06,True,False,2026-04-27 21:28:09.225000,2028-01-01 05:00:00,2026-04-27T21:25:09.476682Z,will-hyperliquid-perform-an-airdrop-by-december-31-2027-117,7.355215855380813,0.06,581,32,0.41,0.0149999999999999,0.0543029421284844,0.0381383398568024,,0.0543029421284844,0.04016356763800839,5.98
2026-05-30,0.89,824952,111128191581505463501777127559667396812474366956707382672202929745167742497287,"MicroStrategy sells any Bitcoin by December 31, 2026?",Crypto Corporate,Crypto,Crypto Corporate,,"Economy, Business, 2025 Predictions, Crypto, MicroStrategy, Stocks",Yes,1884099.3433420083,56996.8315,0.88,0.9,0.02,True,False,2025-12-04 21:46:05.703000,2027-01-01 05:00:00,2025-12-04T21:44:44.687695Z,microstrategy-sells-any-bitcoin-by-december-31-2026,14.448960993497383,0.02,216,176,0.89,0.055,0.0412310562561765,0.0336534536868796,,0.0412310562561765,0.03825205800822873,5.7
2026-05-30,0.6945,692258,110251828161543119357013227499774714771527179764174739487025581227481937033858,"MicroStrategy sells any Bitcoin by June 30, 2026?",Crypto Corporate,Crypto,Crypto Corporate,,"Economy, Business, 2025 Predictions, Crypto, MicroStrategy, Stocks",Yes,4781678.317310987,62996.10682,0.694,0.695,0.001,True,False,2025-11-19 22:51:30.483000,2026-07-01 04:00:00,2025-11-19T22:50:03.261894Z,microstrategy-sells-any-bitcoin-by-june-30-2026,15.380302364381828,0.001,32,191,0.6945,0.155,0.0579121859206715,0.0569873702450782,,0.0579121859206715,0.037475473006304896,5.58
2026-05-30,0.2265,2169995,25714007960293389110960044475283546872601238755063051359394740854408462452120,"MicroStrategy sells any Bitcoin by May 31, 2026?",Crypto Corporate,Crypto,Crypto Corporate,,"Economy, Business, 2025 Predictions, Crypto, MicroStrategy, Stocks",Yes,7474941.797317907,162226.27886,0.225,0.226,0.001,True,False,2026-05-05 23:48:20.102334,2026-07-01 04:00:00,2026-05-05T23:45:21.015988Z,microstrategy-sells-any-bitcoin-by-may-31-2026,15.827067024679025,0.001,32,24,0.2265,0.11,0.0558306324862035,0.0569873702450782,,0.0558306324862035,0.02915368976377994,4.34
2026-05-30,0.32,691547,34626184950254225208692030156208941308358060420950772251072421141618169142241,"Kraken IPO by December 31, 2026?",Crypto Corporate,Crypto,Crypto Corporate,,"exchange, Tech, Crypto, Finance, Business, 2025 Predictions, Featured, IPOs",Yes,529369.5594840021,5544.9389,0.3,0.34,0.04,True,False,2025-11-19 15:49:34.522000,2027-01-01 05:00:00,2025-11-19T15:48:14.624315Z,kraken-ipo-by-december-31-2026-513,13.179443956129427,0.04,216,191,0.32,0.0449999999999999,0.0310721127456146,0.0569873702450782,,0.0310721127456146,0.02891756991311898,4.31
2026-05-30,0.255,1048199,44827572479353518081244438746113968420401867280288091969239280589388541478697,Taylor Swift pregnant before 2027?,Other,Pop Culture,Culture / Gaming,,"Music, Celebrities, Culture, Taylor Swift",Yes,34002.350614999996,699.9453,0.25,0.33,0.08,True,False,2025-12-28 23:03:36.924670,2026-12-31 12:00:00,2025-12-28T18:05:27.904845Z,taylor-swift-pregnant-before-2027,10.434214346242811,0.08,215,152,0.255,-0.01,0.022493385271061,0.0189743899118647,,0.022493385271061,0.026540929423835277,3.95
2026-05-30,0.25,1068327,23979773390611496299652546131606735686099256186322678196712320732715801255871,"Will Pump.fun perform an airdrop by December 31, 2026",Crypto Airdrops,Crypto,Crypto Airdrops,,"Crypto, Crypto Prices, Airdrops, Pre-Market",Yes,156243.1486209997,1431.4804,0.22,0.28,0.06,True,False,2025-12-30 20:43:41.136000,2027-01-01 05:00:00,2025-12-30T20:42:32.722107Z,will-pumpfun-perform-an-airdrop-by-december-31-2026,11.95917511807182,0.06,216,150,0.25,0.005,0.0128637549135621,0.0569873702450782,,0.0128637549135621,0.02416922705761352,3.6
2026-05-30,0.2545,553866,102227184035967850089766981958743064457339118173548431660886438726896222843254,Will the San Antonio Spurs win the 2026 NBA Finals?,Basketball,Sports,Basketball,,"Sports, NBA, NBA Finals, Basketball, NBA Champion, 2026 NBA Playoffs",Yes,31973588.98668335,274068.88449,0.254,0.255,0.001,True,False,2025-06-23 16:02:23.789333,2026-07-01 00:00:00,2025-06-19T18:23:33.289121Z,will-the-san-antonio-spurs-win-the-2026-nba-finals,17.280420807089648,0.001,32,340,0.2545,0.0995,0.0579121859206715,0.0569873702450782,,0.0579121859206715,0.021345415223949237,3.18
2026-05-27,0.0505,553828,101738487887518832481587379955535423775326921556438741919099866785354159699479,Will the Colorado Avalanche win the 2026 NHL Stanley Cup?,Hockey,Sports,Hockey,,"Sports, Hockey, NHL, Stanley Cup, 2026 NHL Playoffs",Yes,15646089.198234096,265728.90096,,0.001,0.001,True,True,2025-06-23 16:00:32.063001,2026-06-30 00:00:00,2025-06-19T18:02:53.040259Z,will-the-colorado-avalanche-win-the-2026-nhl-stanley-cup,16.56573161614945,0.001,34,337,0.0505,-0.0039999999999999,0.0579121859206715,0.0569873702450782,,0.0579121859206715,0.0202539274251744,3.02
2026-05-30,0.159,556108,96797656031191119176188453471637044475353637081608890153571023284371119486681,Will MegaETH perform an airdrop by June 30? ,Crypto Airdrops,Crypto,Crypto Airdrops,,"Airdrops, MegaETH, Crypto, Pre-Market",Yes,1549429.9261529965,4482.03461,0.141,0.186,0.045,True,False,2025-06-26 19:51:03.475000,2026-07-01 04:00:00,2025-06-26T19:38:06.447107Z,will-megaeth-perform-an-airdrop-by-june-30-143-229-513-574-212-254,14.253398277063996,0.045,32,337,0.159,-0.0184999999999999,0.008184625540493,0.0345869067839134,,0.008184625540493,0.018912981454221264,2.82
2026-05-30,0.2,622738,101513571766435454355723114188696307527864518980689079866102837918467349506537,"Will Hyperliquid perform an airdrop by December 31, 2026? ",Crypto Airdrops,Crypto,Crypto Airdrops,,"Crypto, Airdrops, Featured, Pre-Market",Yes,123518.58999000015,3811.0966,0.19,0.21,0.02,True,False,2025-10-05 20:05:59.793815,2028-01-01 05:00:00,2025-10-05T20:04:25.962415Z,will-hyperliquid-perform-an-airdrop-by-december-31-2026,11.72415504587162,0.0199999999999999,581,236,0.2,0.005,0.0104083299973299,0.0146244188388337,,0.0104083299973299,0.018471374005275227,2.75
2026-05-30,0.155,676804,108052633825118494550832240247980096965299835115818656939682823516952479310001,"Will OpenAI launch a new consumer hardware product by December 31, 2026?",Other,Science/Tech,Tech / Science,,"Tech, OpenAI, Big Tech, sam altman, AI, GPT-5",Yes,28316.66684699999,632.897,0.13,0.18,0.05,True,False,2025-11-12 21:34:19.494201,2026-12-31 00:00:00,2025-11-11T17:59:14.261328Z,will-openai-launch-a-new-consumer-hardware-product-by-december-31-2026,10.251241159067751,0.0499999999999999,215,198,0.155,0.01,0.0095742710775634,0.0133887356295593,,0.0095742710775634,0.018405084723771187,2.74
2025-10-01,0.008,556106,61418797388424950216618607317951335315222636709300971806087390558822293814677,Will MegaETH perform an airdrop by September 30? ,Crypto Airdrops,Crypto,Crypto Airdrops,,"Airdrops, MegaETH, Crypto, Pre-Market",Yes,4901.241316,5468.80712,,0.01,0.01,True,True,2025-06-26 19:51:03.982079,2027-01-01 05:00:00,2025-06-26T19:38:05.512123Z,will-megaeth-perform-an-airdrop-by-september-30,8.497447790946572,0.01,457,96,0.008,-0.004,0.0016183471874256,0.002261721604306,,0.0016183471874256,0.013594227071612225,2.03
2026-05-30,0.3205,553858,20257190540739490630509657713144742134547949967093643458458133445357169845406,Will the New York Knicks win the 2026 NBA Finals?,Basketball,Sports,Basketball,,"Sports, NBA, NBA Finals, Basketball, NBA Champion, 2026 NBA Playoffs",Yes,17630926.64435356,258432.81654,0.32,0.321,0.001,True,False,2025-06-23 16:02:01.572409,2026-07-01 00:00:00,2025-06-19T18:23:28.658881Z,will-the-new-york-knicks-win-the-2026-nba-finals,16.68516517036664,0.001,32,340,0.3205,0.036,0.0190950005922767,0.0150395084090808,,0.0190950005922767,0.011963681733657226,1.79
2026-03-27,0.0025,692250,108547978327958467449318042977006580876058560639743186491243488736783119648127,"MicroStrategy sells any Bitcoin by March 31, 2026?",Crypto Corporate,Crypto,Crypto Corporate,,"Economy, Business, 2025 Predictions, Crypto, MicroStrategy, Stocks",Yes,2710379.6263180017,282751.28255,,0.001,0.001,True,True,2025-11-19 23:54:36.827403,2027-01-01 05:00:00,2025-11-19T22:49:38.387602Z,microstrategy-sells-any-bitcoin-by-march-31-2026,14.81259963550922,0.001,280,127,0.0025,-0.001,0.0010690449676494,0.0014935759876113,,0.0010690449676494,0.010717610958407207,1.6
2026-05-30,0.3235,561974,40081275558852222228080198821361202017557872256707631666334039001378518619916,Will J.D. Vance win the 2028 Republican presidential nomination?,US Elections,Politics,US Elections,,"Politics, US Election, Elections, World Elections, Global Elections, Earn 4%, Primaries, United States",Yes,13172630.324787,329123.59384,0.323,0.324,0.001,True,False,2025-07-11 19:42:02.156000,2028-11-07 00:00:00,2025-07-10T16:58:03.473795Z,will-jd-vance-win-the-2028-republican-presidential-nomination,16.393651850633418,0.001,892,322,0.3235,-0.01,0.0049665548085837,0.0048015565241851,,0.0049665548085837,0.007198501419196487,1.08
2026-05-30,0.001,540881,8441400852834915183759801017793514978104486628517653995211751018945988243154,GTA VI released before June 2026?,Other,Other,Culture / Gaming,,"Culture, GTA VI, Breaking News",Yes,15224066.496772008,47664.11325,,0.002,0.002,True,False,2025-05-02 17:00:26.233000,2026-05-31 12:00:00,2025-05-02T16:53:35.469183Z,gta-vi-released-before-june-2026,16.538388121525017,0.002,1,392,0.001,0.0005,0.0007319250547271,0.0008195750708172,,0.0007319250547271,0.0057215719955743555,0.86
2026-05-18,0.0385,553871,59742411602053785892348440048778056320272639465974092140970920277782290781360,Will the Detroit Pistons win the 2026 NBA Finals?,Basketball,Sports,Basketball,,"Sports, NBA, NBA Finals, Basketball, NBA Champion, 2026 NBA Playoffs",Yes,19122304.712672807,1221398.35031,,0.001,0.001,True,True,2025-06-23 16:02:28.153322,2026-07-01 00:00:00,2025-06-19T18:23:35.537981Z,will-the-detroit-pistons-win-the-2026-nba-finals,16.766366049983926,0.001,44,328,0.0385,-0.001,0.011051825964195,0.0101394128186839,,0.011051825964195,0.005154558453700146,0.77
2026-05-30,0.2375,559652,54533043819946592547517511176940999955633860128497669742211153063842200957669,Will Gavin Newsom win the 2028 Democratic presidential nomination?,US Elections,Politics,US Elections,,"World Elections, Global Elections, Elections, Politics, US Election, Earn 4%, Primaries, United States",Yes,25556449.150974523,208737.11842,0.237,0.238,0.001,True,False,2025-07-11 18:35:56.805000,2028-11-07 00:00:00,2025-07-03T20:36:58.88434Z,will-gavin-newsom-win-the-2028-democratic-presidential-nomination-568,17.056400294846256,0.001,892,322,0.2375,-0.003,0.0019023794624226,0.0029659236835602,,0.0019023794624226,0.0046462208783488515,0.7
2026-05-30,0.1835,561229,16040015440196279900485035793550429453516625694844857319147506590755961451627,Will JD Vance win the 2028 US Presidential Election?,US Elections,Politics,US Elections,,"World Elections, Global Elections, US Election, Elections, Politics, Earn 4%, President, United States, Main Election",Yes,13241769.834064892,644588.98983,0.183,0.184,0.001,True,False,2025-07-11 19:05:46.369000,2028-11-07 00:00:00,2025-07-08T19:05:57.953786Z,will-jd-vance-win-the-2028-us-presidential-election,16.398886848326004,0.001,892,322,0.1835,0.0,0.0025727509827123,0.0017619295117556,,0.0025727509827123,0.004281677309238089,0.64
2026-05-30,0.0905,559653,107064985435494333113391038470401719113272800530429703182710416066774068907304,Will Alexandria Ocasio-Cortez win the 2028 Democratic presidential nomination?,US Elections,Politics,US Elections,,"World Elections, Global Elections, Elections, Politics, US Election, Earn 4%, Primaries, United States",Yes,13074978.5661612,270514.78877,0.09,0.091,0.001,True,False,2025-07-11 18:35:59.075000,2028-11-07 00:00:00,2025-07-03T20:36:59.751189Z,will-alexandria-ocasio-cortez-win-the-2028-democratic-presidential-nomination-653,16.38621100509654,0.001,892,322,0.0905,-0.0139999999999999,0.0071813249871753,0.0076168552248604,,0.0071813249871753,0.004065757286858133,0.61
2026-05-26,0.005,553857,21929863894047830651599085392978377118642353711084157807549430066031384497667,Will the Cleveland Cavaliers win the 2026 NBA Finals?,Basketball,Sports,Basketball,,"Sports, NBA, NBA Finals, Basketball, NBA Champion, 2026 NBA Playoffs",Yes,19033724.28667667,1221398.35031,,0.001,0.001,True,True,2025-06-23 16:02:01.826433,2026-07-01 00:00:00,2025-06-19T18:23:28.173262Z,will-the-cleveland-cavaliers-win-the-2026-nba-finals,16.761722978741368,0.001,36,336,0.005,0.0005,0.0080570879768478,0.0116692631856815,,0.0080570879768478,0.003795759595761063,0.57
2026-05-30,0.1595,561230,98250445447699368679516529207365255018790721464590833209064266254238063117329,Will Gavin Newsom win the 2028 US Presidential Election?,US Elections,Politics,US Elections,,"World Elections, Global Elections, US Election, Elections, Politics, Earn 4%, President, United States, Main Election",Yes,16629788.734752102,409924.38784,0.159,0.16,0.001,True,False,2025-07-11 19:05:48.736000,2028-11-07 00:00:00,2025-07-08T19:05:58.539212Z,will-gavin-newsom-win-the-2028-us-presidential-election,16.626706207358094,0.001,892,322,0.1595,0.0,0.0023603873774083,0.0018292495308606,,0.0023603873774083,0.0037263330740386173,0.56
2026-05-30,0.1675,558934,4394372887385518214471608448209527405727552777602031099972143344338178308080,Will Spain win the 2026 FIFA World Cup?,Football / Soccer,Sports,Football / Soccer,,"Soccer, Sports, FIFA World Cup, 2026 FIFA World Cup, Hide From New",Yes,25722450.997266036,726775.3697,0.167,0.168,0.001,True,False,2025-07-02 22:26:48.104000,2026-07-20 00:00:00,2025-07-02T16:54:40.860413Z,will-spain-win-the-2026-fifa-world-cup-963,17.062874787053513,0.001,51,331,0.1675,-0.002,0.0020586634591635,0.0020701966780269,,0.0020586634591635,0.003667857343368358,0.55
2026-05-16,0.0065,553859,5771676627182954113677164857547228277089396639521594262964034606220001939923,Will the Minnesota Timberwolves win the 2026 NBA Finals?,Basketball,Sports,Basketball,,"Sports, NBA, NBA Finals, Basketball, NBA Champion, 2026 NBA Playoffs",Yes,17929080.31429684,1221398.35031,,0.001,0.001,True,True,2025-06-23 16:02:02.079692,2026-07-01 00:00:00,2025-06-19T18:23:29.148315Z,will-the-minnesota-timberwolves-win-the-2026-nba-finals,16.701934606917654,0.001,46,326,0.0065,0.0,0.0066547512564869,0.0083620019686123,,0.0066547512564869,0.0034537675978378434,0.52
2026-05-30,0.1015,558940,45415751658241142530386585138386640503488308219341470020075667342738719018629,Will Portugal win the 2026 FIFA World Cup?,Football / Soccer,Sports,Football / Soccer,,"Soccer, Sports, FIFA World Cup, 2026 FIFA World Cup, Hide From New",Yes,26032232.08048566,823728.11207,0.101,0.102,0.001,True,False,2025-07-02 22:26:58.618000,2026-07-20 00:00:00,2025-07-02T16:54:44.492744Z,will-portugal-win-the-2026-fifa-world-cup-912,17.074846062015105,0.0009999999999999,51,331,0.1015,0.0,0.0047258156262526,0.0033903547741358,,0.0047258156262526,0.0033376107723975326,0.5
2026-05-30,0.1645,558936,108233603819467706476318984012158651931658302669301887462181073562758483842092,Will France win the 2026 FIFA World Cup?,Football / Soccer,Sports,Football / Soccer,,"Soccer, Sports, FIFA World Cup, 2026 FIFA World Cup, Hide From New",Yes,31976524.8284188,770570.21126,0.164,0.165,0.001,True,False,2025-07-02 22:26:52.583000,2026-07-20 00:00:00,2025-07-02T16:54:42.081862Z,will-france-win-the-2026-fifa-world-cup-924,17.28051262370953,0.001,51,331,0.1645,-0.002,0.0011547005383791,0.0030027459959982,,0.0011547005383791,0.0032641013034685265,0.49
2026-05-04,0.0005,553864,95140346952277551620015228752585531762813913098320669805735291271863965388665,Will the Orlando Magic win the 2026 NBA Finals?,Basketball,Sports,Basketball,,"Sports, NBA, NBA Finals, Basketball, NBA Champion, 2026 NBA Playoffs",Yes,15353717.342300974,1221398.35031,,0.001,0.001,True,True,2025-06-23 16:02:21.905414,2026-07-01 00:00:00,2025-06-19T18:23:31.874228Z,will-the-orlando-magic-win-the-2026-nba-finals,16.546868239946217,0.001,58,314,0.0005,-0.0045,0.0055731071952299,0.0044996947393409,,0.0055731071952299,0.003124507042165388,0.47
2026-05-11,0.0005,553869,5644679982684846699855787022092402984369447277920326773883608030240292167917,Will the Philadelphia 76ers win the 2026 NBA Finals?,Basketball,Sports,Basketball,,"Sports, NBA, NBA Finals, Basketball, NBA Champion, 2026 NBA Playoffs",Yes,17979233.991708636,1221398.35031,,0.001,0.001,True,True,2025-06-23 16:02:22.667797,2026-07-01 00:00:00,2025-06-19T18:23:34.695865Z,will-the-philadelphia-76ers-win-the-2026-nba-finals,16.704728038366675,0.001,51,321,0.0005,-0.002,0.0055032457955023,0.0112501526241173,,0.0055032457955023,0.0030338070143217898,0.46
2026-03-26,0.0015,553836,8632114599242481428657290920457928145465118150352562816049752984278653204354,Will the New York Rangers win the 2026 NHL Stanley Cup?,Hockey,Sports,Hockey,,"Sports, Hockey, NHL, Stanley Cup, 2026 NHL Playoffs",Yes,80917385.69298485,265728.90096,,0.001,0.001,True,True,2025-06-23 16:00:43.082745,2026-06-30 00:00:00,2025-06-19T18:02:56.955701Z,will-the-new-york-rangers-win-the-2026-nhl-stanley-cup,18.208939274796514,0.001,96,275,0.0015,0.0,0.0004498677054213,0.0004385290096535,,0.0004498677054213,0.0027353208916339102,0.41
2026-05-12,0.0015,553863,86297520870744792204751483474339201341298076835836561764334428915355504860913,Will the Los Angeles Lakers win the 2026 NBA Finals?,Basketball,Sports,Basketball,,"Sports, NBA, NBA Finals, Basketball, NBA Champion, 2026 NBA Playoffs",Yes,24030698.566587575,1221398.35031,,0.001,0.001,True,True,2025-06-23 16:02:17.579143,2026-07-01 00:00:00,2025-06-19T18:23:31.302657Z,will-the-los-angeles-lakers-win-the-2026-nba-finals,16.994842719506444,0.001,50,322,0.0015,0.0,0.0048599431703516,0.0057479093189142,,0.0048599431703516,0.002732061957065381,0.41
2026-03-23,0.0005,553841,57745051474175280715827307490433711376781914565134185656043688787803746924931,Will the Vancouver Canucks win the 2026 NHL Stanley Cup?,Hockey,Sports,Hockey,,"Sports, Hockey, NHL, Stanley Cup, 2026 NHL Playoffs",Yes,80917385.69298485,265728.90096,,0.001,0.001,True,True,2025-06-23 16:00:47.469459,2026-06-30 00:00:00,2025-06-19T18:02:59.299501Z,will-the-vancouver-canucks-win-the-2026-nhl-stanley-cup,18.208939274796514,0.001,99,272,0.0005,0.0,0.0003779644730088,0.0003631365196015,,0.0003779644730088,0.002697131703460351,0.41
2026-05-30,0.1115,558935,115556263888245616435851357148058235707004733438163639091106356867234218207169,Will England win the 2026 FIFA World Cup?,Football / Soccer,Sports,Football / Soccer,,"Soccer, Sports, FIFA World Cup, 2026 FIFA World Cup, Hide From New",Yes,21342580.825306658,1297071.71129,0.111,0.112,0.001,True,False,2025-07-02 22:26:52.326000,2026-07-20 00:00:00,2025-07-02T16:54:41.473096Z,will-england-win-the-2026-fifa-world-cup-937,16.876214781773115,0.001,51,331,0.1115,0.0,0.0003779644730099,0.0003631365196014,,0.0003779644730099,0.0023927306336756137,0.36
2026-05-04,0.0075,553876,111039354521750894925304771773687530394455073318948424656845140321925374032772,Will the Toronto Raptors win the 2026 NBA Finals?,Basketball,Sports,Basketball,,"Sports, NBA, NBA Finals, Basketball, NBA Champion, 2026 NBA Playoffs",Yes,17582269.99782278,1221398.35031,,0.001,0.001,True,True,2025-06-23 16:02:41.032278,2026-07-01 00:00:00,2025-06-19T18:23:37.781466Z,will-the-toronto-raptors-win-the-2026-nba-finals,16.682401622641713,0.001,58,314,0.0075,0.003,0.0023401261667248,0.0025677629550654,,0.0023401261667248,0.002277526859168117,0.34
2026-05-30,0.0925,558937,27576533317283401577758999384642760405921738493660383550832555714312627457443,Will Brazil win the 2026 FIFA World Cup?,Football / Soccer,Sports,Football / Soccer,,"Soccer, Sports, FIFA World Cup, 2026 FIFA World Cup, Hide From New",Yes,23099631.861969218,1412122.64172,0.092,0.093,0.001,True,False,2025-07-02 22:26:52.840000,2026-07-20 00:00:00,2025-07-02T16:54:42.713854Z,will-brazil-win-the-2026-fifa-world-cup-183,16.955327281944474,0.001,51,331,0.0925,-0.001,0.0011338934190275,0.0009972489631508,,0.0011338934190275,0.0022576732812944426,0.34
2026-05-30,0.0855,558938,18812649149814341758733697580460697418474693998558159483117100240528657629879,Will Argentina win the 2026 FIFA World Cup?,Football / Soccer,Sports,Football / Soccer,,"Soccer, Sports, FIFA World Cup, 2026 FIFA World Cup, Hide From New",Yes,22827938.730100892,1256302.87167,0.085,0.086,0.001,True,False,2025-07-02 22:26:52.071000,2026-07-20 00:00:00,2025-07-02T16:54:43.302408Z,will-argentina-win-the-2026-fifa-world-cup-245,16.94349577046094,0.0009999999999999,51,331,0.0855,0.0,0.0011338934190276,0.0011094003924504,,0.0011338934190276,0.002150789905508324,0.33
2026-04-29,0.0005,553879,82402823484466457361170410951601106261368113664328436062375970009969959380598,Will the Portland Trail Blazers win the 2026 NBA Finals?,Basketball,Sports,Basketball,,"Sports, NBA, NBA Finals, Basketball, NBA Champion, 2026 NBA Playoffs",Yes,24832577.43866959,1221398.35031,,0.001,0.001,True,True,2025-06-23 16:02:41.286933,2026-07-01 00:00:00,2025-06-19T18:23:39.128911Z,will-the-portland-trail-blazers-win-the-2026-nba-finals,17.0276669957768,0.001,63,309,0.0005,0.0,0.002625425135641,0.001785164750608,,0.002625425135641,0.002072624215812873,0.31
2026-04-18,0.0045,553867,24562451406833903239172268319519891863383297300349256425313284172658771272863,Will the Golden State Warriors win the 2026 NBA Finals?,Basketball,Sports,Basketball,,"Sports, NBA, NBA Finals, Basketball, NBA Champion, 2026 NBA Playoffs",Yes,15519471.19299574,1221398.35031,,0.001,0.001,True,True,2025-06-23 16:02:21.652045,2026-07-01 00:00:00,2025-06-19T18:23:33.727208Z,will-the-golden-state-warriors-win-the-2026-nba-finals,16.55760606395779,0.001,74,298,0.0045,0.0029999999999999,0.0011338934190277,0.000916874768253,,0.0011338934190277,0.0019444437789207653,0.3
2026-04-17,0.0065,553882,56958503032603479474712760211473691965846495282533669255954105717594026846100,Will the Charlotte Hornets win the 2026 NBA Finals?,Basketball,Sports,Basketball,,"Sports, NBA, NBA Finals, Basketball, NBA Champion, 2026 NBA Playoffs",Yes,36535986.5725531,1221398.35031,,0.001,0.001,True,True,2025-06-23 16:02:47.870660,2026-07-01 00:00:00,2025-06-19T18:23:40.949859Z,will-the-charlotte-hornets-win-the-2026-nba-finals,17.4138082937044,0.001,75,297,0.0065,0.0,0.0023603873774083,0.0019300970766453,,0.0023603873774083,0.001899711209764253,0.29
2026-05-01,0.0005,553881,46018378684967856456278619377189791752501136727354913341087475972513992392267,Will the Atlanta Hawks win the 2026 NBA Finals?,Basketball,Sports,Basketball,,"Sports, NBA, NBA Finals, Basketball, NBA Champion, 2026 NBA Playoffs",Yes,20381601.20573863,1221398.35031,,0.001,0.001,True,True,2025-06-23 16:02:42.730208,2026-07-01 00:00:00,2025-06-19T18:23:40.327679Z,will-the-atlanta-hawks-win-the-2026-nba-finals,16.830143199240794,0.001,61,311,0.0005,-0.001,0.0016329931618554,0.0016967972416057,,0.0016329931618554,0.0018955164629298367,0.29
2026-04-28,0.0005,553877,106572879185916710503631021854572801471104977091252507745096331167318654083650,Will the Phoenix Suns win the 2026 NBA Finals?,Basketball,Sports,Basketball,,"Sports, NBA, NBA Finals, Basketball, NBA Champion, 2026 NBA Playoffs",Yes,17570704.051959917,1221398.35031,,0.001,0.001,True,True,2025-06-23 16:02:40.776730,2026-07-01 00:00:00,2025-06-19T18:23:38.245803Z,will-the-phoenix-suns-win-the-2026-nba-finals,16.681743587528906,0.001,64,308,0.0005,0.0,0.0009511897312114,0.0008017837257373,,0.0009511897312114,0.0017767656384675198,0.27
2026-05-30,0.0425,558941,55935183786009449883683540312350046975246300613283087403691731856990327029236,Will Netherlands win the 2026 FIFA World Cup?,Football / Soccer,Sports,Football / Soccer,,"Soccer, Sports, FIFA World Cup, 2026 FIFA World Cup, Hide From New",Yes,24860467.90118355,401444.90678,0.042,0.043,0.001,True,False,2025-07-02 22:26:58.109000,2026-07-20 00:00:00,2025-07-02T16:54:45.066939Z,will-netherlands-win-the-2026-fifa-world-cup-739,17.02878950554167,0.0009999999999999,51,331,0.0425,0.005,0.0022677868380556,0.0016458405781824,,0.0022677868380556,0.0017311032167308584,0.26
2026-05-30,0.0375,561979,12127975650736113116407758794754973741525044713193258995588171654429754588610,Will Ron DeSantis win the 2028 Republican presidential nomination?,US Elections,Politics,US Elections,,"Politics, US Election, Elections, World Elections, Global Elections, Earn 4%, Primaries, United States",Yes,13979208.3182327,223452.89932,0.037,0.038,0.001,True,False,2025-07-11 19:42:10.003000,2028-11-07 00:00:00,2025-07-10T16:58:06.43886Z,will-ron-desantis-win-the-2028-republican-presidential-nomination,16.45308173510414,0.001,892,322,0.0375,-0.003,0.0010690449676496,0.0026777471259119,,0.0010690449676496,0.0014906708934036752,0.23
2026-03-28,0.0005,553878,101657448900324364213467059356648689270832606863187352286785694887095023173679,Will the Chicago Bulls win the 2026 NBA Finals?,Basketball,Sports,Basketball,,"Sports, NBA, NBA Finals, Basketball, NBA Champion, 2026 NBA Playoffs",Yes,25350912.14729484,1221398.35031,,0.001,0.001,True,True,2025-06-23 16:02:42.983826,2026-07-01 00:00:00,2025-06-19T18:23:38.667491Z,will-the-chicago-bulls-win-the-2026-nba-finals,17.048325308942246,0.001,95,277,0.0005,0.0,0.0003779644730092,0.0002672612419124,,0.0003779644730092,0.0014175357711604906,0.22
2026-05-30,0.0515,558939,81739002353269632749850710185641576213562066971072676369728657545679630163887,Will Germany win the 2026 FIFA World Cup?,Football / Soccer,Sports,Football / Soccer,,"Soccer, Sports, FIFA World Cup, 2026 FIFA World Cup, Hide From New",Yes,21946946.8094807,1034940.65914,0.051,0.052,0.001,True,False,2025-07-02 22:26:57.855000,2026-07-20 00:00:00,2025-07-02T16:54:43.890444Z,will-germany-win-the-2026-fifa-world-cup-467,16.904138635856956,0.001,51,331,0.0515,0.0,0.0,0.0,,0.0,0.0013093555340439626,0.2
2026-05-30,0.0105,558974,62131913648515148266463816694306031394539656598501514114816028349608560215534,Will Switzerland win the 2026 FIFA World Cup?,Football / Soccer,Sports,Football / Soccer,,"Soccer, Sports, FIFA World Cup, 2026 FIFA World Cup, Hide From New",Yes,24087481.822231505,1166638.08616,0.01,0.012,0.002,True,False,2025-07-02 22:27:31.400000,2026-07-20 00:00:00,2025-07-02T16:55:03.947467Z,will-switzerland-win-the-2026-fifa-world-cup,16.997202878564142,0.002,51,331,0.0105,0.0,0.0020354009783964,0.0014917354742965,,0.0020354009783964,0.0012687890786284156,0.19
2026-05-30,0.0265,558951,60447443643099453130956385288904175887233107411078568881602330835010340506057,Will Norway win the 2026 FIFA World Cup?,Football / Soccer,Sports,Football / Soccer,,"Soccer, Sports, FIFA World Cup, 2026 FIFA World Cup, Hide From New",Yes,26009608.10104657,1039084.70516,0.026,0.027,0.001,True,False,2025-07-02 22:27:12.778000,2026-07-20 00:00:00,2025-07-02T16:54:50.383881Z,will-norway-win-the-2026-fifa-world-cup-893,17.073976608517075,0.001,51,331,0.0265,-0.002,0.0014960264830861,0.0011387288073564,,0.0014960264830861,0.0012383861344793436,0.19
2026-05-30,0.0125,561976,111796631871113641071635832853519973638674140424258605036492112910151603434351,Will Tulsi Gabbard win the 2028 Republican presidential nomination?,US Elections,Politics,US Elections,,"Politics, US Election, Elections, World Elections, Global Elections, Earn 4%, Primaries, United States",Yes,12759550.11813899,1373582.50762,0.012,0.013,0.001,True,False,2025-07-11 19:42:04.191000,2028-11-07 00:00:00,2025-07-10T16:58:04.683789Z,will-tulsi-gabbard-win-the-2028-republican-presidential-nomination,16.361790656432895,0.0009999999999999,892,322,0.0125,0.0,0.001253566341056,0.0008644378215075,,0.001253566341056,0.0011837449484402912,0.18
2026-05-30,0.0225,559669,10521981432803570450946212503203364998108630328528216082760514453664705157397,Will Rahm Emanuel win the 2028 Democratic presidential nomination?,US Elections,Politics,US Elections,,"World Elections, Global Elections, Elections, Politics, US Election, Earn 4%, Primaries, United States",Yes,13806113.232610982,748989.68686,0.022,0.023,0.001,True,False,2025-07-11 18:36:13.728000,2028-11-07 00:00:00,2025-07-03T20:37:12.258547Z,will-rahm-emanuel-win-the-2028-democratic-presidential-nomination-299,16.440622112339312,0.001,892,322,0.0225,0.0,0.0005773502691896,0.0011387288073563,,0.0005773502691896,0.001119435992068183,0.17
2026-05-30,0.0195,559668,92325249719485031139867422012514654102580961954747753469470405147070256604118,Will Mark Kelly win the 2028 Democratic presidential nomination?,US Elections,Politics,US Elections,,"World Elections, Global Elections, Elections, Politics, US Election, Earn 4%, Primaries, United States",Yes,15766173.896873469,650879.3836,0.019,0.02,0.001,True,False,2025-07-11 18:36:13.216000,2028-11-07 00:00:00,2025-07-03T20:37:11.388193Z,will-mark-kelly-win-the-2028-democratic-presidential-nomination-479,16.57337737383448,0.001,892,322,0.0195,-0.001,0.0007559289460184,0.0005789342235218,,0.0007559289460184,0.0010561545204193588,0.16
2026-05-30,0.0165,559675,58343456405874365460518182619380252930558598368174305791768670198253267891911,Will Jon Stewart win the 2028 Democratic presidential nomination?,US Elections,Politics,US Elections,,"World Elections, Global Elections, Elections, Politics, US Election, Earn 4%, Primaries, United States",Yes,23245077.130666062,1084786.984,0.016,0.017,0.001,True,False,2025-07-11 18:36:18.064000,2028-11-07 00:00:00,2025-07-03T20:37:16.510177Z,will-jon-stewart-win-the-2028-democratic-presidential-nomination-518,16.961603974282763,0.001,892,322,0.0165,0.0,0.0015118578920369,0.0010690449676496,,0.0015118578920369,0.0010285920585474326,0.16
2026-05-30,0.0175,558946,30815807067456631524510535002617106205417832891402132396713720656146245200000,Will Belgium win the 2026 FIFA World Cup?,Football / Soccer,Sports,Football / Soccer,,"Soccer, Sports, FIFA World Cup, 2026 FIFA World Cup, Hide From New",Yes,21399693.91459132,3977930.59631,0.017,0.018,0.001,True,False,2025-07-02 22:27:08.513000,2026-07-20 00:00:00,2025-07-02T16:54:47.961968Z,will-belgium-win-the-2026-fifa-world-cup-358,16.87888722356295,0.0009999999999999,51,331,0.0175,0.0,0.0003779644730091,0.0002672612419128,,0.0003779644730091,0.0008790832413665701,0.14
2026-05-30,0.0175,558947,98803390175521456712653678280474920637934596234667490983228578374641217211132,Will Colombia win the 2026 FIFA World Cup?,Football / Soccer,Sports,Football / Soccer,,"Soccer, Sports, FIFA World Cup, 2026 FIFA World Cup, Hide From New",Yes,21453938.40570455,5520711.67189,0.017,0.018,0.001,True,False,2025-07-02 22:27:07.752000,2026-07-20 00:00:00,2025-07-02T16:54:48.514643Z,will-colombia-win-the-2026-fifa-world-cup-734,16.881418841753337,0.0009999999999999,51,331,0.0175,0.0,0.0003779644730077,0.0002672612419106,,0.0003779644730077,0.0008778553553373328,0.14
2026-05-30,0.0185,558949,19159976531313550247579355752030367100657092033093647047491459813592996250034,Will Japan win the 2026 FIFA World Cup?,Football / Soccer,Sports,Football / Soccer,,"Soccer, Sports, FIFA World Cup, 2026 FIFA World Cup, Hide From New",Yes,28046927.62181617,408785.04084,0.018,0.019,0.001,True,False,2025-07-02 22:27:08.006000,2026-07-20 00:00:00,2025-07-02T16:54:49.807435Z,will-japan-win-the-2026-fifa-world-cup-112,17.149389687389352,0.001,51,331,0.0185,0.0,0.0006900655593422,0.0008644378215075,,0.0006900655593422,0.0008502636931128245,0.13
2026-05-30,0.0165,559663,103988345069738240821107916249290759786442703283901164377120414690701074137717,Will J.B. Pritzker win the 2028 Democratic presidential nomination?,US Elections,Politics,US Elections,,"World Elections, Global Elections, Elections, Politics, US Election, Earn 4%, Primaries, United States",Yes,14422114.852169022,478545.00918,0.016,0.017,0.001,True,False,2025-07-11 18:36:09.214000,2028-11-07 00:00:00,2025-07-03T20:37:07.438948Z,will-jb-pritzker-win-the-2028-democratic-presidential-nomination-288,16.48427340944343,0.001,892,322,0.0165,0.0,0.0,0.0,,0.0,0.0008421033979390483,0.13
2026-05-30,0.0075,558985,18704778540677036028551740861729937822696511439974613107767625408338509619395,Will Turkiye win the 2026 FIFA World Cup?,Football / Soccer,Sports,Football / Soccer,,"Soccer, Sports, FIFA World Cup, 2026 FIFA World Cup, Hide From New",Yes,17927610.817499913,3458689.05963,0.007,0.008,0.001,True,False,2025-07-02 22:27:52.991000,2026-07-20 00:00:00,2025-07-02T16:55:10.012248Z,will-turkiye-win-the-2026-fifa-world-cup,16.701852641924823,0.001,51,331,0.0075,0.0,0.0003779644730092,0.0002672612419124,,0.0003779644730092,0.0008040601683465837,0.13
2026-05-30,0.0085,561983,51109358167525503124101840618196204295486048568333812245607026343682053354150,Will Greg Abbott win the 2028 Republican presidential nomination?,US Elections,Politics,US Elections,,"Politics, US Election, Elections, World Elections, Global Elections, Earn 4%, Primaries, United States",Yes,20194161.38789992,1424558.57394,0.008,0.009,0.001,True,False,2025-07-11 19:42:13.945000,2028-11-07 00:00:00,2025-07-10T16:58:08.485304Z,will-greg-abbott-win-the-2028-republican-presidential-nomination,16.82090412990755,0.0009999999999999,892,322,0.0085,0.0,0.0008997354108424,0.0006157279262148,,0.0008997354108424,0.0007988818716062832,0.12
2026-05-30,0.0085,561257,88521269813605705303364598280494261510300497312149869577251450871617962933121,Will Michelle Obama win the 2028 US Presidential Election?,US Elections,Politics,US Elections,,"World Elections, Global Elections, US Election, Elections, Politics, Earn 4%, President, United States, Main Election",Yes,15939503.45979317,994089.22891,0.008,0.009,0.001,True,False,2025-07-11 19:06:14.528000,2028-11-07 00:00:00,2025-07-08T19:06:13.682842Z,will-michelle-obama-win-the-2028-us-presidential-election,16.58431114300077,0.0009999999999999,892,322,0.0085,0.0,0.0003779644730092,0.0002672612419124,,0.0003779644730092,0.0007693732428118924,0.12
2026-05-30,0.0145,558963,69910730841487615802736046038473620030754616421912831175284551372639933569112,Will Morocco win the 2026 FIFA World Cup?,Football / Soccer,Sports,Football / Soccer,,"Soccer, Sports, FIFA World Cup, 2026 FIFA World Cup, Hide From New",Yes,27937887.66769588,2241612.991,0.014,0.015,0.001,True,False,2025-07-02 22:27:22.568000,2026-07-20 00:00:00,2025-07-02T16:54:57.522078Z,will-morocco-win-the-2026-fifa-world-cup-464,17.145494342284096,0.0009999999999999,51,331,0.0145,0.0,0.0005773502691861,0.0004746311465471,,0.0005773502691861,0.0007566337350719265,0.12
2026-05-30,0.0125,561981,7847177314809025001842027337093046201021185723933452855314998541165696902642,Will Vivek Ramaswamy win the 2028 Republican presidential nomination?,US Elections,Politics,US Elections,,"Politics, US Election, Elections, World Elections, Global Elections, Earn 4%, Primaries, United States",Yes,15593559.065137098,1100826.66628,0.012,0.013,0.001,True,False,2025-07-11 19:42:11.856000,2028-11-07 00:00:00,2025-07-10T16:58:07.429979Z,will-vivek-ramaswamy-win-the-2028-republican-presidential-nomination,16.56236857065028,0.0009999999999999,892,322,0.0125,0.0,0.0,0.0002672612419124,,0.0,0.0007398702947568614,0.12
2026-05-30,0.0095,561989,75602319799101799832214450648958470414659751617273540482126444460192042893239,Will Ted Cruz win the 2028 Republican presidential nomination?,US Elections,Politics,US Elections,,"Politics, US Election, Elections, World Elections, Global Elections, Earn 4%, Primaries, United States",Yes,17593701.936852098,1053183.91345,0.009,0.01,0.001,True,False,2025-07-11 19:42:19.474000,2028-11-07 00:00:00,2025-07-10T16:58:11.617768Z,will-ted-cruz-win-the-2028-republican-presidential-nomination,16.68305160830824,0.001,892,322,0.0095,0.0,0.0003779644730092,0.0003631365196012,,0.0003779644730092,0.0007375709625306523,0.12
2026-05-30,0.0165,561237,50507496430692162923857760920722624157737138256097150616293040054748564876552,Will Andy Beshear win the 2028 US Presidential Election?,US Elections,Politics,US Elections,,"World Elections, Global Elections, US Election, Elections, Politics, Earn 4%, President, United States, Main Election",Yes,18332915.432726167,432068.8387,0.016,0.017,0.001,True,False,2025-07-11 19:05:56.713000,2028-11-07 00:00:00,2025-07-08T19:06:02.391606Z,will-andy-beshear-win-the-2028-us-presidential-election,16.72420871423696,0.001,892,322,0.0165,0.0,0.0,0.0001815682598006,,0.0,0.0007257299219930024,0.11
2026-05-30,0.0055,558980,41004484905556820430171783088292854654441952667499527125436634397522798168110,Will Sweden win the 2026 FIFA World Cup?,Football / Soccer,Sports,Football / Soccer,,"Soccer, Sports, FIFA World Cup, 2026 FIFA World Cup, Hide From New",Yes,15909303.078277996,8241274.98564,0.005,0.006,0.001,True,False,2025-07-02 22:27:41.179000,2026-07-20 00:00:00,2025-07-02T16:55:07.333475Z,will-sweden-win-the-2026-fifa-world-cup,16.582414658205696,0.001,51,331,0.0055,0.0,0.0,0.0,,0.0,0.0007253114112510568,0.11
2026-05-30,0.0125,559656,90227223115596293448966158151606153337847900483048338623540402385929720677904,Will Wes Moore win the 2028 Democratic presidential nomination?,US Elections,Politics,US Elections,,"World Elections, Global Elections, Elections, Politics, US Election, Earn 4%, Primaries, United States",Yes,16148901.58724496,691040.65485,0.012,0.013,0.001,True,False,2025-07-11 18:36:00.839000,2028-11-07 00:00:00,2025-07-03T20:37:01.954955Z,will-wes-moore-win-the-2028-democratic-presidential-nomination-714,16.597362654069965,0.0009999999999999,892,322,0.0125,0.0,0.0,0.0002672612419124,,0.0,0.0007228974564803137,0.11
2026-05-30,0.0085,559691,8815924480259634499011776432080696931704057619336093802050596292915996723758,Will Chris Murphy win the 2028 Democratic presidential nomination?,US Elections,Politics,US Elections,,"World Elections, Global Elections, Elections, Politics, US Election, Earn 4%, Primaries, United States",Yes,16056307.4692469,1517655.37902,0.008,0.009,0.001,True,False,2025-07-11 18:36:36.480000,2028-11-07 00:00:00,2025-07-03T20:37:25.960612Z,will-chris-murphy-win-the-2028-democratic-presidential-nomination,16.591612381359393,0.0009999999999999,892,322,0.0085,0.0,0.0,0.0,,0.0,0.0006613310846721281,0.1
2026-05-30,0.0085,561984,85795532452312461688342921814235563171225750416821603832877839950165564679042,Will Robert F. Kennedy Jr. win the 2028 Republican presidential nomination?,US Elections,Politics,US Elections,,"Politics, US Election, Elections, World Elections, Global Elections, Earn 4%, Primaries, United States",Yes,16241352.88006136,1675708.38157,0.008,0.009,0.001,True,False,2025-07-11 19:42:14.943000,2028-11-07 00:00:00,2025-07-10T16:58:08.992926Z,will-robert-f-kennedy-jr-win-the-2028-republican-presidential-nomination,16.603071256221824,0.0009999999999999,892,322,0.0085,0.0,0.0,0.0003922322702763,,0.0,0.0006557732985875871,0.1
2026-05-30,0.0105,558944,97239126062673310243763617236644392945530356142765650402171508075574679292913,Will Uruguay win the 2026 FIFA World Cup?,Football / Soccer,Sports,Football / Soccer,,"Soccer, Sports, FIFA World Cup, 2026 FIFA World Cup, Hide From New",Yes,22283526.148839667,6996875.00683,0.01,0.011,0.001,True,False,2025-07-02 22:27:01.463000,2026-07-20 00:00:00,2025-07-02T16:54:46.856637Z,will-uruguay-win-the-2026-fifa-world-cup-932,16.919358270585185,0.0009999999999999,51,331,0.0105,0.0,0.0,0.0,,0.0,0.0006423311569370479,0.1
2026-05-30,0.0085,561985,109121432238307135312607668741094299588249627783575654034498708660414246884093,Will Brian Kemp win the 2028 Republican presidential nomination?,US Elections,Politics,US Elections,,"Politics, US Election, Elections, World Elections, Global Elections, Earn 4%, Primaries, United States",Yes,16770871.035152536,809391.9699,0.008,0.009,0.001,True,False,2025-07-11 19:42:17.070000,2028-11-07 00:00:00,2025-07-10T16:58:09.524724Z,will-brian-kemp-win-the-2028-republican-presidential-nomination,16.635154132158398,0.0009999999999999,892,322,0.0085,0.0,0.0,0.0,,0.0,0.0006402124548247328,0.1
2026-05-30,0.0065,558965,32169302633723235235251659810064817019484855501133685217130365128535248672349,Will Senegal win the 2026 FIFA World Cup?,Football / Soccer,Sports,Football / Soccer,,"Soccer, Sports, FIFA World Cup, 2026 FIFA World Cup, Hide From New",Yes,24452710.186973296,5206995.69282,0.006,0.007,0.001,True,False,2025-07-02 22:27:23.078000,2026-07-20 00:00:00,2025-07-02T16:54:58.719876Z,will-senegal-win-the-2026-fifa-world-cup,17.01225165473042,0.001,51,331,0.0065,0.0,0.0003779644730092,0.0002672612419124,,0.0003779644730092,0.0006374215261644202,0.1
2026-05-30,0.0005,558982,53465512181802150755993130711224070738002100921790051090044528012833736167995,Will Iraq win the 2026 FIFA World Cup?,Football / Soccer,Sports,Football / Soccer,,"Soccer, Sports, FIFA World Cup, 2026 FIFA World Cup, Hide From New",Yes,16488111.348710928,10940931.20943,,0.001,0.001,True,False,2025-07-02 22:27:47.156000,2026-07-20 00:00:00,2025-07-02T16:55:08.445033Z,will-iraq-win-the-2026-fifa-world-cup,16.618150215497614,0.001,51,331,0.0005,0.0,0.0,0.0002672612419124,,0.0,0.0006275347301708707,0.1
2026-05-30,0.0115,558943,94603648636330087039501304492699481091005420017442244191603206509188088089447,Will USA win the 2026 FIFA World Cup?,Football / Soccer,Sports,Football / Soccer,,"Soccer, Sports, FIFA World Cup, 2026 FIFA World Cup, Hide From New",Yes,40307661.03201109,5749904.4673,0.011,0.012,0.001,True,False,2025-07-02 22:27:00.955000,2026-07-20 00:00:00,2025-07-02T16:54:46.301056Z,will-usa-win-the-2026-fifa-world-cup-467,17.51205213370927,0.001,51,331,0.0115,0.0,0.0008997354108424,0.0008254203058555,,0.0008997354108424,0.0006197134104389823,0.1
2026-05-30,0.0065,561263,67028631656597977031363620447645908995417871899828777750494099295092202422178,Will Eric Trump win the 2028 US Presidential Election?,US Elections,Politics,US Elections,,"World Elections, Global Elections, US Election, Elections, Politics, Earn 4%, President, United States, Main Election",Yes,16741661.731237102,1999068.55403,0.006,0.007,0.001,True,False,2025-07-11 19:06:22.527000,2028-11-07 00:00:00,2025-07-08T19:06:16.840767Z,will-eric-trump-win-the-2028-us-presidential-election,16.633410944929167,0.001,892,322,0.0065,0.0,0.0,0.0002672612419124,,0.0,0.000608880250698815,0.1
2026-05-30,0.0075,562002,36725157385158152303355940271421346899386884953712631735038848833359115722560,Will Erika Kirk win the 2028 Republican presidential nomination?,US Elections,Politics,US Elections,,"Politics, US Election, Elections, World Elections, Global Elections, Earn 4%, Primaries, United States",Yes,17593571.029914785,1911997.45021,0.007,0.008,0.001,True,False,2025-07-11 19:42:30.850000,2028-11-07 00:00:00,2025-07-10T16:58:20.730741Z,will-erika-kirk-win-the-2028-republican-presidential-nomination,16.683044167724255,0.001,892,322,0.0075,0.0,0.0,0.0002672612419124,,0.0,0.0006008959763179837,0.1
2026-05-30,0.0025,558956,93165696161088512376930999170413968261015485018106746563527821398897374023845,Will Paraguay win the 2026 FIFA World Cup?,Football / Soccer,Sports,Football / Soccer,,"Soccer, Sports, FIFA World Cup, 2026 FIFA World Cup, Hide From New",Yes,25907035.905413732,7293750.5823,0.002,0.003,0.001,True,False,2025-07-02 22:27:17.403000,2026-07-20 00:00:00,2025-07-02T16:54:53.364208Z,will-paraguay-win-the-2026-fifa-world-cup-967,17.070025184957032,0.001,51,331,0.0025,0.0,0.0005773502691888,0.0004746311465481,,0.0005773502691888,0.0006001716917280291,0.1
2026-05-30,0.0095,562000,56369772478534954338683665819559528414197495274302917800610633957542171787417,Will Rand Paul win the 2028 Republican presidential nomination?,US Elections,Politics,US Elections,,"Politics, US Election, Elections, World Elections, Global Elections, Earn 4%, Primaries, United States",Yes,18847338.3264639,1434074.31398,0.009,0.01,0.001,True,False,2025-07-11 19:42:30.592000,2028-11-07 00:00:00,2025-07-10T16:58:19.246735Z,will-rand-paul-win-the-2028-republican-presidential-nomination,16.751882312106012,0.001,892,322,0.0095,0.0,0.0,0.0,,0.0,0.0005996857691092823,0.1
2026-05-30,0.0005,558979,112181485529919660901332188537214992263355343785744498550605179448744432717486,Will Panama win the 2026 FIFA World Cup?,Football / Soccer,Sports,Football / Soccer,,"Soccer, Sports, FIFA World Cup, 2026 FIFA World Cup, Hide From New",Yes,17511577.665756878,10965792.09075,,0.001,0.001,True,False,2025-07-02 22:27:41.433000,2026-07-20 00:00:00,2025-07-02T16:55:06.783466Z,will-team-z-win-the-2026-fifa-world-cup-316,16.678372858151043,0.001,51,331,0.0005,0.0,0.0,0.0002672612419124,,0.0,0.000598325530373171,0.09
2026-05-30,0.0085,558955,39971087496427056640429359043364261029374524049464674733142166279730655826181,Will Ecuador win the 2026 FIFA World Cup?,Football / Soccer,Sports,Football / Soccer,,"Soccer, Sports, FIFA World Cup, 2026 FIFA World Cup, Hide From New",Yes,29090271.729184177,4733959.3597,0.008,0.009,0.001,True,False,2025-07-02 22:27:12.271000,2026-07-20 00:00:00,2025-07-02T16:54:52.802292Z,will-ecuador-win-the-2026-fifa-world-cup-986,17.18591440578612,0.0009999999999999,51,331,0.0085,0.0,0.0003779644730054,0.0002672612419101,,0.0003779644730054,0.0005853692644524188,0.09
2026-05-30,0.0085,561988,16959950591508656523048029588253513417107455151269158025695062757254216051157,Will Josh Hawley win the 2028 Republican presidential nomination?,US Elections,Politics,US Elections,,"Politics, US Election, Elections, World Elections, Global Elections, Earn 4%, Primaries, United States",Yes,19303936.292656515,833860.75103,0.008,0.009,0.001,True,False,2025-07-11 19:42:18.131000,2028-11-07 00:00:00,2025-07-10T16:58:11.045899Z,will-josh-hawley-win-the-2028-republican-presidential-nomination,16.77581963786982,0.0009999999999999,892,322,0.0085,0.0,0.0,0.0,,0.0,0.0005719868393429545,0.09
2026-05-30,0.0105,559657,60590045489347122735554346200880179420435533609307820342798544098823516727807,Will Stephen A. Smith win the 2028 Democratic presidential nomination?,US Elections,Politics,US Elections,,"World Elections, Global Elections, Elections, Politics, US Election, Earn 4%, Primaries, United States",Yes,20688227.64442024,937794.26266,0.01,0.011,0.001,True,False,2025-07-11 18:36:02.893000,2028-11-07 00:00:00,2025-07-03T20:37:02.834964Z,will-stephen-a-smith-win-the-2028-democratic-presidential-nomination-914,16.845075431963842,0.0009999999999999,892,322,0.0105,0.0,0.0,0.0,,0.0,0.0005705740635760913,0.09
2026-05-30,0.0075,561991,21684611233679565633387313395955873024927822291738934804105644401703825367322,Will Matt Gaetz win the 2028 Republican presidential nomination?,US Elections,Politics,US Elections,,"Politics, US Election, Elections, World Elections, Global Elections, Earn 4%, Primaries, United States",Yes,18867545.44375778,1611146.359,0.007,0.008,0.001,True,False,2025-07-11 19:42:22.569000,2028-11-07 00:00:00,2025-07-10T16:58:12.885425Z,will-matt-gaetz-win-the-2028-republican-presidential-nomination,16.752953884712678,0.001,892,322,0.0075,0.0,0.0,0.0,,0.0,0.0005669883495293872,0.09
2026-05-30,0.0105,558945,22587775301869146748237913050505932485648958481571808324285560650057390882036,Will Mexico win the 2026 FIFA World Cup?,Football / Soccer,Sports,Football / Soccer,,"Soccer, Sports, FIFA World Cup, 2026 FIFA World Cup, Hide From New",Yes,26338009.00497672,2582795.73736,0.01,0.011,0.001,True,False,2025-07-02 22:27:01.209000,2026-07-20 00:00:00,2025-07-02T16:54:47.399042Z,will-mexico-win-the-2026-fifa-world-cup-529,17.086523701120736,0.0009999999999999,51,331,0.0105,0.0,0.0,0.0,,0.0,0.0005612525419071354,0.09
2026-05-30,0.0035,558952,99303605181956827630838461879484468077121754034387765735989859308848389894408,Will Canada win the 2026 FIFA World Cup?,Football / Soccer,Sports,Football / Soccer,,"Soccer, Sports, FIFA World Cup, 2026 FIFA World Cup, Hide From New",Yes,29346398.368452847,9224340.87751,0.003,0.004,0.001,True,False,2025-07-02 22:27:13.031000,2026-07-20 00:00:00,2025-07-02T16:54:50.932159Z,will-canada-win-the-2026-fifa-world-cup-755,17.194680417613974,0.001,51,331,0.0035,0.0,0.0005773502691896,0.0004746311465493,,0.0005773502691896,0.0005558002251099328,0.09
2026-05-30,0.0085,559673,71289010523270989807437428651002770360280908813019627976988032260868574107425,Will John Fetterman win the 2028 Democratic presidential nomination?,US Elections,Politics,US Elections,,"World Elections, Global Elections, Elections, Politics, US Election, Earn 4%, Primaries, United States",Yes,20199661.47958116,1510725.8141,0.008,0.009,0.001,True,False,2025-07-11 18:36:16.532000,2028-11-07 00:00:00,2025-07-03T20:37:15.042865Z,will-john-fetterman-win-the-2028-democratic-presidential-nomination-941,16.82117645330021,0.0009999999999999,892,322,0.0085,0.0,0.0,0.0002672612419124,,0.0,0.0005499878664364036,0.09
2026-05-30,0.0075,561256,94621929236241392639802280031607240386237812521756048982107414565863464212526,Will Zohran Mamdani win the 2028 US Presidential Election?,US Elections,Politics,US Elections,,"World Elections, Global Elections, US Election, Elections, Politics, Earn 4%, President, United States, Main Election",Yes,19814103.371066403,1642848.37251,0.007,0.008,0.001,True,False,2025-07-11 19:06:15.307000,2028-11-07 00:00:00,2025-07-08T19:06:13.209517Z,will-zohran-mamdani-win-the-2028-us-presidential-election,16.801904584042695,0.001,892,322,0.0075,0.0,0.0,0.0,,0.0,0.00054324627023878,0.09
2026-05-30,0.0005,558977,113379015922744700109400673843380371641970914885846970213129353605968934558386,Will Haiti win the 2026 FIFA World Cup?,Football / Soccer,Sports,Football / Soccer,,"Soccer, Sports, FIFA World Cup, 2026 FIFA World Cup, Hide From New",Yes,20083330.48882009,10787585.34874,,0.001,0.001,True,False,2025-07-02 22:27:41.944000,2026-07-20 00:00:00,2025-07-02T16:55:05.66214Z,will-haiti-win-the-2026-fifa-world-cup,16.81540074982394,0.001,51,331,0.0005,0.0,0.0,0.0002672612419124,,0.0,0.0005318642312773358,0.09
2026-05-30,0.0095,559662,58378309871183461257693288827678410871907006920578755035402846056315798427503,Will Mark Cuban win the 2028 Democratic presidential nomination?,US Elections,Politics,US Elections,,"World Elections, Global Elections, Elections, Politics, US Election, Earn 4%, Primaries, United States",Yes,21972651.869395483,2040630.04834,0.009,0.01,0.001,True,False,2025-07-11 18:36:08.958000,2028-11-07 00:00:00,2025-07-03T20:37:06.826667Z,will-mark-cuban-win-the-2028-democratic-presidential-nomination-329,16.905309186702254,0.001,892,322,0.0095,0.0,0.0,0.0,,0.0,0.00052527063159683,0.08
2026-05-30,0.0075,561245,14253956839582698877884742930225331487593177635330318923853046874994118249367,Will Nikki Haley win the 2028 US Presidential Election?,US Elections,Politics,US Elections,,"World Elections, Global Elections, US Election, Elections, Politics, Earn 4%, President, United States, Main Election",Yes,25611430.15527748,1070471.34393,0.007,0.008,0.001,True,False,2025-07-11 19:06:04.599000,2028-11-07 00:00:00,2025-07-08T19:06:07.253833Z,will-nikki-haley-win-the-2028-us-presidential-election,17.058549339288188,0.001,892,322,0.0075,0.0,0.0003779644730092,0.0002672612419124,,0.0003779644730092,0.0005232692827001877,0.08
2026-05-30,0.0135,559667,83723134981785004242996949681785273460678873813693556756054904164484296299719,Will Michelle Obama win the 2028 Democratic presidential nomination?,US Elections,Politics,US Elections,,"World Elections, Global Elections, Elections, Politics, US Election, Earn 4%, Primaries, United States",Yes,25401237.42508828,2001739.25512,0.013,0.014,0.001,True,False,2025-07-11 18:36:12.961000,2028-11-07 00:00:00,2025-07-03T20:37:10.65535Z,will-michelle-obama-win-the-2028-democratic-presidential-nomination-777,17.050308487693425,0.001,892,322,0.0135,0.0,0.0,0.0002672612419124,,0.0,0.000519298408127979,0.08
2026-05-30,0.0085,562001,76572162491038773682779378100661251853152133818805423848523216103658476280587,Will Steve Bannon win the 2028 Republican presidential nomination?,US Elections,Politics,US Elections,,"Politics, US Election, Elections, World Elections, Global Elections, Earn 4%, Primaries, United States",Yes,21636716.62365222,1435906.44205,0.008,0.009,0.001,True,False,2025-07-11 19:42:31.108000,2028-11-07 00:00:00,2025-07-10T16:58:20.143459Z,will-steve-bannon-win-the-2028-republican-presidential-nomination,16.889902319460578,0.0009999999999999,892,322,0.0085,0.0,0.0,0.0002672612419123,,0.0,0.0005166544312449166,0.08
2026-05-30,0.0015,558981,87403333427856945144645806003352057704193778078820484282942507058200689996202,Will Congo DR win the 2026 FIFA World Cup?,Football / Soccer,Sports,Football / Soccer,,"Soccer, Sports, FIFA World Cup, 2026 FIFA World Cup, Hide From New",Yes,26900844.830787934,2455742.81886,0.001,0.002,0.001,True,False,2025-07-02 22:27:46.901000,2026-07-20 00:00:00,2025-07-02T16:55:07.881367Z,will-congo-dr-win-the-2026-fifa-world-cup,17.107668287601445,0.001,51,331,0.0015,0.001,0.0003779644730092,0.0003922322702763,,0.0003779644730092,0.0005106983162717436,0.08
2026-05-30,0.0015,558959,33747305042007778221968790541070114008811587676172030120559423448386310500957,Will Iran win the 2026 FIFA World Cup?,Football / Soccer,Sports,Football / Soccer,,"Soccer, Sports, FIFA World Cup, 2026 FIFA World Cup, Hide From New",Yes,32033893.51979012,6296521.48145,0.001,0.002,0.001,True,False,2025-07-02 22:27:17.657000,2026-07-20 00:00:00,2025-07-02T16:54:55.140328Z,will-iran-win-the-2026-fifa-world-cup-788,17.282305103946953,0.001,51,331,0.0015,0.0,0.0005773502691881,0.0003922322702755,,0.0005773502691881,0.00048112279468064643,0.08
2026-05-30,0.0085,558976,106593539437032467615148553707998472829334050617128244920821917025746481184109,Will Croatia win the 2026 FIFA World Cup?,Football / Soccer,Sports,Football / Soccer,,"Soccer, Sports, FIFA World Cup, 2026 FIFA World Cup, Hide From New",Yes,29251364.776766945,2332484.55033,0.008,0.009,0.001,True,False,2025-07-02 22:27:43.058000,2026-07-20 00:00:00,2025-07-02T16:55:05.105151Z,will-croatia-win-the-2026-fifa-world-cup,17.191436823774847,0.0009999999999999,51,331,0.0085,0.0,0.0,0.0003631365196012,,0.0,0.00047818987017293237,0.08
2026-05-30,0.0025,558968,30499731947464516579580181356221397335865912996104577000510883912653418218808,Will Egypt win the 2026 FIFA World Cup?,Football / Soccer,Sports,Football / Soccer,,"Soccer, Sports, FIFA World Cup, 2026 FIFA World Cup, Hide From New",Yes,29915727.658491995,8066887.02854,0.002,0.003,0.001,True,False,2025-07-02 22:27:27.820000,2026-07-20 00:00:00,2025-07-02T16:55:00.39017Z,will-egypt-win-the-2026-fifa-world-cup,17.213894942139312,0.001,51,331,0.0025,0.0,0.0003779644730092,0.0002672612419124,,0.0003779644730092,0.000475265082792168,0.08
2026-05-30,0.0025,558967,43907673646206657865778036957293730446366626078011238443367990170655175896145,Will Ghana win the 2026 FIFA World Cup?,Football / Soccer,Sports,Football / Soccer,,"Soccer, Sports, FIFA World Cup, 2026 FIFA World Cup, Hide From New",Yes,24201771.97313201,9643284.94745,0.002,0.003,0.001,True,False,2025-07-02 22:27:23.843000,2026-07-20 00:00:00,2025-07-02T16:54:59.845064Z,will-ghana-win-the-2026-fifa-world-cup,17.00193645179585,0.001,51,331,0.0025,0.0,0.0,0.0,,0.0,0.0004735683279935496,0.08
2026-05-30,0.0095,559665,50887272939612765629559172143901565817521391945540156085421963433918821328137,Will Cory Booker win the 2028 Democratic presidential nomination?,US Elections,Politics,US Elections,,"World Elections, Global Elections, Elections, Politics, US Election, Earn 4%, Primaries, United States",Yes,24449291.566326942,1626302.83512,0.009,0.01,0.001,True,False,2025-07-11 18:36:10.848000,2028-11-07 00:00:00,2025-07-03T20:37:08.92027Z,will-corey-booker-win-the-2028-democratic-presidential-nomination-125,17.012111839574004,0.001,892,322,0.0095,0.0,0.0,0.0,,0.0,0.00047346918467912856,0.08
2026-05-30,0.0095,561250,26641906520532802078452346454133721131611596169940893262820937050881742190686,Will Elon Musk win the 2028 US Presidential Election?,US Elections,Politics,US Elections,,"World Elections, Global Elections, US Election, Elections, Politics, Earn 4%, President, United States, Main Election",Yes,24493342.239231296,1502198.45509,0.009,0.01,0.001,True,False,2025-07-11 19:06:10.494000,2028-11-07 00:00:00,2025-07-08T19:06:09.780687Z,will-elon-musk-win-the-2028-us-presidential-election,17.013911934075423,0.001,892,322,0.0095,0.0,0.0,0.0,,0.0,0.0004725961024358051,0.08
2026-05-30,0.0025,558973,105252206997885252352889070218074909957179496257006510170583432513037465278006,Will Scotland win the 2026 FIFA World Cup?,Football / Soccer,Sports,Football / Soccer,,"Soccer, Sports, FIFA World Cup, 2026 FIFA World Cup, Hide From New",Yes,30174119.32274588,8628034.60377,0.002,0.003,0.001,True,False,2025-07-02 22:27:31.143000,2026-07-20 00:00:00,2025-07-02T16:55:03.304664Z,will-scotland-win-the-2026-fifa-world-cup,17.222495172004148,0.001,51,331,0.0025,0.0,0.0003779644730092,0.0002672612419124,,0.0003779644730092,0.0004710937973526723,0.08
2026-05-30,0.0075,559670,35165603539035270209469650915267170915291414186795231160733227083640059691764,Will Gina Raimondo win the 2028 Democratic presidential nomination?,US Elections,Politics,US Elections,,"World Elections, Global Elections, Elections, Politics, US Election, Earn 4%, Primaries, United States",Yes,33548589.649111893,1636921.39042,0.007,0.008,0.001,True,False,2025-07-11 18:36:14.926000,2028-11-07 00:00:00,2025-07-03T20:37:12.831781Z,will-gina-raimondo-win-the-2028-democratic-presidential-nomination-676,17.328505413021592,0.001,892,322,0.0075,0.0,0.0005773502691896,0.0003922322702763,,0.0005773502691896,0.00044746199327370777,0.07
2026-05-30,0.0025,558966,58374167250364215964582274356498746399676421878376948523944979542572589542202,Will Ivory Coast win the 2026 FIFA World Cup?,Football / Soccer,Sports,Football / Soccer,,"Soccer, Sports, FIFA World Cup, 2026 FIFA World Cup, Hide From New",Yes,31907563.575268395,5279343.70656,0.002,0.003,0.001,True,False,2025-07-02 22:27:22.059000,2026-07-20 00:00:00,2025-07-02T16:54:59.280491Z,will-ivory-coast-win-the-2026-fifa-world-cup,17.2783536736642,0.001,51,331,0.0025,0.0,0.0003779644730092,0.0002672612419124,,0.0003779644730092,0.0004440012942093282,0.07
2026-05-30,0.0075,561238,631059815958854406224163480574507434200946764542129005247984171366597476420,Will Glenn Youngkin win the 2028 US Presidential Election?,US Elections,Politics,US Elections,,"World Elections, Global Elections, US Election, Elections, Politics, Earn 4%, President, United States, Main Election",Yes,24411387.16305849,1095865.12291,0.007,0.008,0.001,True,False,2025-07-11 19:05:58.404000,2028-11-07 00:00:00,2025-07-08T19:06:03.082499Z,will-glenn-youngkin-win-the-2028-us-presidential-election,17.010560309374,0.001,892,322,0.0075,0.0,0.0,0.0,,0.0,0.00044204402301741864,0.07
2026-05-30,0.0025,558961,80724786407275266937534613008558715581084712230616856739273522348302669402554,Will South Korea win the 2026 FIFA World Cup?,Football / Soccer,Sports,Football / Soccer,,"Soccer, Sports, FIFA World Cup, 2026 FIFA World Cup, Hide From New",Yes,32130853.567809463,4505430.59009,0.002,0.003,0.001,True,False,2025-07-02 22:27:23.333000,2026-07-20 00:00:00,2025-07-02T16:54:56.391365Z,will-south-korea-win-the-2026-fifa-world-cup-485,17.28532732793129,0.001,51,331,0.0025,0.0,0.0003779644730085,0.0002672612419125,,0.0003779644730085,0.00044061893083495104,0.07
2026-05-30,0.0055,558975,88168215299416146215691671077998911754346458567817860712850392736799004561327,Will Austria win the 2026 FIFA World Cup?,Football / Soccer,Sports,Football / Soccer,,"Soccer, Sports, FIFA World Cup, 2026 FIFA World Cup, Hide From New",Yes,29390224.89599221,3171780.47559,0.005,0.006,0.001,True,False,2025-07-02 22:27:42.199000,2026-07-20 00:00:00,2025-07-02T16:55:04.511811Z,will-austria-win-the-2026-fifa-world-cup,17.196172724517048,0.001,51,331,0.0055,0.0,0.0,0.0,,0.0,0.00042762633473412276,0.07
2026-05-30,0.0075,559674,42119164854283656238382173699154739480090965550328051492328192273011556335098,Will Jared Polis win the 2028 Democratic presidential nomination?,US Elections,Politics,US Elections,,"World Elections, Global Elections, Elections, Politics, US Election, Earn 4%, Primaries, United States",Yes,25752817.07656112,476597.11964,0.007,0.008,0.001,True,False,2025-07-11 18:36:18.320000,2028-11-07 00:00:00,2025-07-03T20:37:15.838093Z,will-jared-polis-win-the-2028-democratic-presidential-nomination-837,17.064054618952365,0.001,892,322,0.0075,0.0,0.0,0.0,,0.0,0.00041609820085370883,0.07
2026-05-30,0.0015,558969,58392024727359233794992635293106675983094683080284912908526627785964160484939,Will Algeria win the 2026 FIFA World Cup?,Football / Soccer,Sports,Football / Soccer,,"Soccer, Sports, FIFA World Cup, 2026 FIFA World Cup, Hide From New",Yes,26718566.84521533,9776171.743,0.001,0.002,0.001,True,False,2025-07-02 22:27:27.012000,2026-07-20 00:00:00,2025-07-02T16:55:00.961642Z,will-algeria-win-the-2026-fifa-world-cup,17.10086930658905,0.001,51,331,0.0015,0.0,0.0,0.0002672612419124,,0.0,0.000409495049729109,0.07
2026-05-30,0.0085,561249,58585097107933138034126275600204468509993701936571284309823871593297754181479,Will Greg Abbott win the 2028 US Presidential Election?,US Elections,Politics,US Elections,,"World Elections, Global Elections, US Election, Elections, Politics, Earn 4%, President, United States, Main Election",Yes,33552786.224229507,1919028.00194,0.008,0.009,0.001,True,False,2025-07-11 19:06:08.361000,2028-11-07 00:00:00,2025-07-08T19:06:09.27649Z,will-greg-abbott-win-the-2028-us-presidential-election,17.328630494659436,0.0009999999999999,892,322,0.0085,0.0,0.0003779644730092,0.0002672612419124,,0.0003779644730092,0.00040836330206572326,0.07
2026-05-30,0.0065,559676,88927218779847397120407909832537568114340511586397698395193736044476021744522,Will Barack Obama win the 2028 Democratic presidential nomination?,US Elections,Politics,US Elections,,"World Elections, Global Elections, Elections, Politics, US Election, Earn 4%, Primaries, United States",Yes,31482905.77426669,1154243.89806,0.006,0.007,0.001,True,False,2025-07-11 18:36:22.421000,2028-11-07 00:00:00,2025-07-03T20:37:17.144753Z,will-barack-obama-win-the-2028-democratic-presidential-nomination-265,17.26495531442559,0.001,892,322,0.0065,0.0,0.0003779644730092,0.0002672612419124,,0.0003779644730092,0.0004070693672325026,0.07
2026-05-30,0.0095,561990,97933607699985149274021900377397416175605196663149372937380275158258659161873,Will Elon Musk win the 2028 Republican presidential nomination?,US Elections,Politics,US Elections,,"Politics, US Election, Elections, World Elections, Global Elections, Earn 4%, Primaries, United States",Yes,28248459.713582862,1838185.75389,0.009,0.01,0.001,True,False,2025-07-11 19:42:19.219000,2028-11-07 00:00:00,2025-07-10T16:58:12.251564Z,will-elon-musk-win-the-2028-republican-presidential-nomination,17.156549526057432,0.001,892,322,0.0095,0.0,0.0,0.0002672612419124,,0.0,0.00040341398522381576,0.07
2026-05-30,0.0075,561987,46762065358788748743762617584400316865170283087328708370205000691002445395596,Will Elise Stefanik win the 2028 Republican presidential nomination?,US Elections,Politics,US Elections,,"Politics, US Election, Elections, World Elections, Global Elections, Earn 4%, Primaries, United States",Yes,26743591.7937949,1897443.32143,0.007,0.008,0.001,True,False,2025-07-11 19:42:18.386000,2028-11-07 00:00:00,2025-07-10T16:58:10.530903Z,will-elise-stefanik-win-the-2028-republican-presidential-nomination,17.101805480889087,0.001,892,322,0.0075,0.0,0.0,0.0,,0.0,0.0003977882692356178,0.07
2026-05-30,0.0085,562003,10651968542740640896482407431367624536081358925965856338872110525887291512129,Will Kim Kardashian win the 2028 Republican presidential nomination?,US Elections,Politics,US Elections,,"Politics, US Election, Elections, World Elections, Global Elections, Earn 4%, Primaries, United States",Yes,27776878.84453874,2060922.47801,0.008,0.009,0.001,True,False,2025-07-11 19:42:32.355000,2028-11-07 00:00:00,2025-07-10T16:58:21.646721Z,will-kim-kardashian-win-the-2028-republican-presidential-nomination,17.13971457237121,0.0009999999999999,892,322,0.0085,0.0,0.0,0.0002672612419124,,0.0,0.00039549043568311293,0.06
2026-05-30,0.0005,558964,29544965695734183971376022965555206180154533479443150154863135205600734339980,Will South Africa win the 2026 FIFA World Cup?,Football / Soccer,Sports,Football / Soccer,,"Soccer, Sports, FIFA World Cup, 2026 FIFA World Cup, Hide From New",Yes,33180132.45789426,7781961.2016,,0.001,0.001,True,False,2025-07-02 22:27:22.823000,2026-07-20 00:00:00,2025-07-02T16:54:58.14101Z,will-south-africa-win-the-2026-fifa-world-cup,17.31746186495761,0.001,51,331,0.0005,0.0,0.0003779644730092,0.0002672612419124,,0.0003779644730092,0.00039285534520763776,0.06
2026-05-30,0.0015,558954,86035858416252385053603758548087253570549129844230230783932738372075949702177,Will Tunisia win the 2026 FIFA World Cup?,Football / Soccer,Sports,Football / Soccer,,"Soccer, Sports, FIFA World Cup, 2026 FIFA World Cup, Hide From New",Yes,27864494.13468598,10672882.47807,0.001,0.002,0.001,True,False,2025-07-02 22:27:12.017000,2026-07-20 00:00:00,2025-07-02T16:54:52.219101Z,will-tunisia-win-the-2026-fifa-world-cup-165,17.14286386056167,0.001,51,331,0.0015,0.0,0.0,0.0002672612419135,,0.0,0.00038912684163733627,0.06
2026-05-30,0.0085,561992,42282542821681724515855150589432262778581936160356547088323204270366545065655,Will Katie Britt win the 2028 Republican presidential nomination?,US Elections,Politics,US Elections,,"Politics, US Election, Elections, World Elections, Global Elections, Earn 4%, Primaries, United States",Yes,28229898.938593496,1909047.89294,0.008,0.009,0.001,True,False,2025-07-11 19:42:22.314000,2028-11-07 00:00:00,2025-07-10T16:58:13.392205Z,will-katie-britt-win-the-2028-republican-presidential-nomination,17.155892255717315,0.0009999999999999,892,322,0.0085,0.0,0.0,0.0002672612419124,,0.0,0.00038764393203763806,0.06
2026-05-30,0.0005,558970,61595193871140044336898809781418183952441527621084596848414908595268863899573,Will Cape Verde win the 2026 FIFA World Cup?,Football / Soccer,Sports,Football / Soccer,,"Soccer, Sports, FIFA World Cup, 2026 FIFA World Cup, Hide From New",Yes,27529512.14516404,10639169.6786,,0.001,0.001,True,False,2025-07-02 22:27:26.757000,2026-07-20 00:00:00,2025-07-02T16:55:01.531967Z,will-cape-verde-win-the-2026-fifa-world-cup,17.130769192442404,0.001,51,331,0.0005,0.0,0.0,0.0002672612419124,,0.0,0.0003789041577159074,0.06
2026-05-30,0.0015,558958,43661509251351142169227141691164122649250455115438867334436875294380701133091,Will Australia win the 2026 FIFA World Cup?,Football / Soccer,Sports,Football / Soccer,,"Soccer, Sports, FIFA World Cup, 2026 FIFA World Cup, Hide From New",Yes,28892641.17056777,9519768.17813,0.001,0.002,0.001,True,False,2025-07-02 22:27:17.913000,2026-07-20 00:00:00,2025-07-02T16:54:54.563354Z,will-australia-win-the-2026-fifa-world-cup-816,17.17909752449343,0.001,51,331,0.0015,0.0,0.0,0.0002672612419173,,0.0,0.00037155278173969797,0.06
2026-05-30,0.0095,559672,30732552320006664177902085971957467957450485111214036633872573588757974348601,Will Roy Cooper win the 2028 Democratic presidential nomination?,US Elections,Politics,US Elections,,"World Elections, Global Elections, Elections, Politics, US Election, Earn 4%, Primaries, United States",Yes,30530012.30362947,1479622.06214,0.009,0.01,0.001,True,False,2025-07-11 18:36:16.276000,2028-11-07 00:00:00,2025-07-03T20:37:14.394216Z,will-roy-cooper-win-the-2028-democratic-presidential-nomination-286,17.234220800466925,0.001,892,322,0.0095,0.0,0.0,0.0002672612419124,,0.0,0.0003657418460946034,0.06
2026-05-30,0.0095,561240,105367778020161609482094090847463497982204321259381518614669619753184648647559,Will Stephen Smith win the 2028 US Presidential Election?,US Elections,Politics,US Elections,,"World Elections, Global Elections, US Election, Elections, Politics, Earn 4%, President, United States, Main Election",Yes,31493397.83162091,1080111.5235,0.009,0.01,0.001,True,False,2025-07-11 19:06:00.410000,2028-11-07 00:00:00,2025-07-08T19:06:04.344587Z,will-stephen-smith-win-the-2028-us-presidential-election,17.265288520933986,0.001,892,322,0.0095,0.0,0.0,0.0,,0.0,0.00035067337326780135,0.06
2026-05-30,0.0005,558971,18605216520960122093689427575806651607517827372535894526532079999408408169156,Will Qatar win the 2026 FIFA World Cup?,Football / Soccer,Sports,Football / Soccer,,"Soccer, Sports, FIFA World Cup, 2026 FIFA World Cup, Hide From New",Yes,29247304.016331848,10655118.0342,,0.001,0.001,True,False,2025-07-02 22:27:31.656000,2026-07-20 00:00:00,2025-07-02T16:55:02.17538Z,will-qatar-win-the-2026-fifa-world-cup,17.191297991203555,0.001,51,331,0.0005,0.0,0.0,0.0002672612419124,,0.0,0.0003495464660134076,0.06
2026-05-30,0.0075,559664,52310257194926233099477326083312959938983447523839326865869372741334281264830,Will Raphael Warnock win the 2028 Democratic presidential nomination?,US Elections,Politics,US Elections,,"World Elections, Global Elections, Elections, Politics, US Election, Earn 4%, Primaries, United States",Yes,29831773.435224276,1458036.38803,0.007,0.008,0.001,True,False,2025-07-11 18:36:11.106000,2028-11-07 00:00:00,2025-07-03T20:37:08.125174Z,will-raphael-warnock-win-the-2028-democratic-presidential-nomination-914,17.211084639643808,0.001,892,322,0.0075,0.0,0.0,0.0,,0.0,0.00034478566687290955,0.06
2026-05-30,0.0075,561242,97633418272282627828834872960145259034624388719803091466146359304286851612172,Will Tulsi Gabbard win the 2028 US Presidential Election?,US Elections,Politics,US Elections,,"World Elections, Global Elections, US Election, Elections, Politics, Earn 4%, President, United States, Main Election",Yes,30676895.783643942,1304330.51298,0.007,0.008,0.001,True,False,2025-07-11 19:06:02.279000,2028-11-07 00:00:00,2025-07-08T19:06:05.739113Z,will-tulsi-gabbard-win-the-2028-us-presidential-election,17.239020381487173,0.001,892,322,0.0075,0.0,0.0,0.0,,0.0,0.00033123626702847436,0.06
2026-05-30,0.0005,558962,98686749402500678753487703372528277029342097490180026723487433517076969282825,Will Jordan win the 2026 FIFA World Cup?,Football / Soccer,Sports,Football / Soccer,,"Soccer, Sports, FIFA World Cup, 2026 FIFA World Cup, Hide From New",Yes,30415330.08188278,10558210.35273,,0.001,0.001,True,False,2025-07-02 22:27:22.314000,2026-07-20 00:00:00,2025-07-02T16:54:56.940413Z,will-jordan-win-the-2026-fifa-world-cup-233,17.230457351157977,0.001,51,331,0.0005,0.0,0.0,0.0002672612419198,,0.0,0.0003305533843673356,0.06
2026-05-30,0.0075,561982,35019878675696902444730611385908114488958639217305639231975258218416576501435,Will Sarah Huckabee Sanders win the 2028 Republican presidential nomination?,US Elections,Politics,US Elections,,"Politics, US Election, Elections, World Elections, Global Elections, Earn 4%, Primaries, United States",Yes,31158986.940347888,1904135.25052,0.007,0.008,0.001,True,False,2025-07-11 19:42:12.112000,2028-11-07 00:00:00,2025-07-10T16:58:07.96846Z,will-sarah-huckabee-sanders-win-the-2028-republican-presidential-nomination,17.25461329898967,0.001,892,322,0.0075,0.0,0.0,0.0,,0.0,0.000323673386645084,0.05
2026-05-30,0.0085,561999,45742939946094874824687417208711661205131461760422331277735745393193805349457,Will Tom Brady win the 2028 Republican presidential nomination?,US Elections,Politics,US Elections,,"Politics, US Election, Elections, World Elections, Global Elections, Earn 4%, Primaries, United States",Yes,32482084.11155063,1960321.71649,0.008,0.009,0.001,True,False,2025-07-11 19:42:30.333000,2028-11-07 00:00:00,2025-07-10T16:58:18.584607Z,will-tom-brady-win-the-2028-republican-presidential-nomination,17.29619926798142,0.0009999999999999,892,322,0.0085,0.0,0.0,0.0002672612419124,,0.0,0.0003195921931289803,0.05
2026-05-30,0.0005,558972,23542782083949026234898323432000742558288032327930681121040136746492993951914,Will Saudi Arabia win the 2026 FIFA World Cup?,Football / Soccer,Sports,Football / Soccer,,"Soccer, Sports, FIFA World Cup, 2026 FIFA World Cup, Hide From New",Yes,32326586.443883725,9698345.61227,,0.001,0.001,True,False,2025-07-02 22:27:30.886000,2026-07-20 00:00:00,2025-07-02T16:55:02.732073Z,will-saudi-arabia-win-the-2026-fifa-world-cup,17.291400590275906,0.001,51,331,0.0005,0.0,0.0,0.0002672612419124,,0.0,0.0003009946807090002,0.05
2026-05-30,0.0075,561993,70663522560386702809794077554934323058266367604787739541440326847712418734032,Will John Thune win the 2028 Republican presidential nomination?,US Elections,Politics,US Elections,,"Politics, US Election, Elections, World Elections, Global Elections, Earn 4%, Primaries, United States",Yes,33808102.234529234,1971754.39896,0.007,0.008,0.001,True,False,2025-07-11 19:42:25.485000,2028-11-07 00:00:00,2025-07-10T16:58:14.296042Z,will-john-thune-win-the-2028-republican-presidential-nomination,17.33621107238659,0.001,892,322,0.0075,0.0,0.0,0.0002672612419124,,0.0,0.00028409681608649803,0.05
2026-05-30,0.0075,561248,48067717079255656974334181122173546721823870434119599450595298250019538972254,Will Vivek Ramaswamy win the 2028 US Presidential Election?,US Elections,Politics,US Elections,,"World Elections, Global Elections, US Election, Elections, Politics, Earn 4%, President, United States, Main Election",Yes,34140915.50058831,945103.29175,0.007,0.008,0.001,True,False,2025-07-11 19:06:08.616000,2028-11-07 00:00:00,2025-07-08T19:06:08.731937Z,will-vivek-ramaswamy-win-the-2028-us-presidential-election,17.346007120330178,0.001,892,322,0.0075,0.0,0.0,0.0,,0.0,0.00027934553469124643,0.05
2026-05-30,0.0065,561994,46777072088650922464797852907503479539785178123001199763117403684202580813104,Will Kristi Noem win the 2028 Republican presidential nomination?,US Elections,Politics,US Elections,,"Politics, US Election, Elections, World Elections, Global Elections, Earn 4%, Primaries, United States",Yes,33782346.43661249,1664290.07149,0.006,0.007,0.001,True,False,2025-07-11 19:42:25.230000,2028-11-07 00:00:00,2025-07-10T16:58:14.999535Z,will-kristi-noem-win-the-2028-republican-presidential-nomination,17.335448958836302,0.001,892,322,0.0065,0.0,0.0,0.0,,0.0,0.0002683776139779052,0.05
2026-05-30,0.0065,559692,22103094389913052942362639589409218272323168761614999702665821259175535456835,Will Jasmine Crockett win the 2028 Democratic presidential nomination?,US Elections,Politics,US Elections,,"World Elections, Global Elections, Elections, Politics, US Election, Earn 4%, Primaries, United States",Yes,34026722.2627939,2354677.27702,0.006,0.007,0.001,True,False,2025-07-11 18:36:38.787000,2028-11-07 00:00:00,2025-07-03T20:37:26.76247Z,will-jasmine-crockett-win-the-2028-democratic-presidential-nomination,17.342656752178698,0.001,892,322,0.0065,0.0,0.0,0.0,,0.0,0.0002648816884163168,0.05
2026-05-30,0.0005,558957,79609298644734030886284029462369514848707878622071495577618126141372199748974,Will New Zealand win the 2026 FIFA World Cup?,Football / Soccer,Sports,Football / Soccer,,"Soccer, Sports, FIFA World Cup, 2026 FIFA World Cup, Hide From New",Yes,35131139.290645175,10139921.57849,,0.001,0.001,True,False,2025-07-02 22:27:17.147000,2026-07-20 00:00:00,2025-07-02T16:54:53.912088Z,will-new-zealand-win-the-2026-fifa-world-cup-635,17.37459848288531,0.001,51,331,0.0005,0.0,0.0,0.0002672612419203,,0.0,0.00026064201996708024,0.04
2026-05-30,0.0075,559671,19323997520040734631220675039559156784534982703459512097490198935565229528445,Will Zohran Mamdani win the 2028 Democratic presidential nomination?,US Elections,Politics,US Elections,,"World Elections, Global Elections, Elections, Politics, US Election, Earn 4%, Primaries, United States",Yes,36751004.41986425,2440942.26641,0.007,0.008,0.001,True,False,2025-07-11 18:36:16.021000,2028-11-07 00:00:00,2025-07-03T20:37:13.666113Z,will-zohran-mamdani-win-the-2028-democratic-presidential-nomination-445,17.41967614161254,0.001,892,322,0.0075,0.0,0.0,0.0,,0.0,0.0002436145692814272,0.04
2026-05-30,0.0075,559678,41340056280794024415573839406074658402877379128871144681466050648033201160259,Will Liz Cheney win the 2028 Democratic presidential nomination?,US Elections,Politics,US Elections,,"World Elections, Global Elections, Elections, Politics, US Election, Earn 4%, Primaries, United States",Yes,36873995.91757481,1172504.26937,0.007,0.008,0.001,True,False,2025-07-11 18:36:22.676000,2028-11-07 00:00:00,2025-07-03T20:37:18.381851Z,will-liz-cheney-win-the-2028-democratic-presidential-nomination-551,17.423017170019012,0.001,892,322,0.0075,0.0,0.0,0.0,,0.0,0.00024199410292600684,0.04
2026-05-30,0.0095,559684,46211769122513729244602558513001215391004042100934296321661285791281233261657,Will Chelsea Clinton win the 2028 Democratic presidential nomination?,US Elections,Politics,US Elections,,"World Elections, Global Elections, Elections, Politics, US Election, Earn 4%, Primaries, United States",Yes,49083047.75766354,416178.19336,0.009,0.01,0.001,True,False,2025-07-11 18:36:30.713000,2028-11-07 00:00:00,2025-07-03T20:37:22.130557Z,will-chelsea-clinton-win-the-2028-democratic-presidential-nomination,17.70902429400454,0.001,892,322,0.0095,0.0,0.0003779644730092,0.0003922322702763,,0.0003779644730092,0.00023995345783319952,0.04
2026-05-30,0.0065,561254,24863363384036117015867671383779186335047493791693657275104567365292353535818,Will Kim Kardashian win the 2028 US Presidential Election?,US Elections,Politics,US Elections,,"World Elections, Global Elections, US Election, Elections, Politics, Earn 4%, President, United States, Main Election",Yes,36142453.81666476,1666776.99006,0.006,0.007,0.001,True,False,2025-07-11 19:06:15.048000,2028-11-07 00:00:00,2025-07-08T19:06:12.12096Z,will-kim-kardashian-win-the-2028-us-presidential-election,17.402978766019796,0.001,892,322,0.0065,0.0,0.0,0.0,,0.0,0.00023562429158263676,0.04
2026-05-30,0.0065,559682,11343337042526652606304508556838778144915122118685013460142819817079620240439,Will Hunter Biden win the 2028 Democratic presidential nomination?,US Elections,Politics,US Elections,,"World Elections, Global Elections, Elections, Politics, US Election, Earn 4%, Primaries, United States",Yes,36172759.9247735,2370034.20517,0.006,0.007,0.001,True,False,2025-07-11 18:36:28.342000,2028-11-07 00:00:00,2025-07-03T20:37:20.881711Z,will-person-a-win-the-2028-democratic-presidential-nomination,17.40381693291378,0.001,892,322,0.0065,0.0,0.0,0.0,,0.0,0.000235217763685628,0.04
2026-05-30,0.0075,559687,2213957649161627793381994368131485505647723208738124952452819345058597751695,Will Oprah Winfrey win the 2028 Democratic presidential nomination?,US Elections,Politics,US Elections,,"World Elections, Global Elections, Elections, Politics, US Election, Earn 4%, Primaries, United States",Yes,52008532.24383096,1879399.3996,0.007,0.008,0.001,True,False,2025-07-11 18:36:32.333000,2028-11-07 00:00:00,2025-07-03T20:37:23.883364Z,will-oprah-winfrey-win-the-2028-democratic-presidential-nomination,17.766918363925534,0.001,892,322,0.0075,0.0,0.0005773502691896,0.0003922322702763,,0.0005773502691896,0.00023482284439831254,0.04
2026-05-30,0.0075,559685,51035537065442638321333063915918274102446051033989435618245745345113522914516,Will MrBeast win the 2028 Democratic presidential nomination?,US Elections,Politics,US Elections,,"World Elections, Global Elections, Elections, Politics, US Election, Earn 4%, Primaries, United States",Yes,38132290.15116289,2518186.41684,0.007,0.008,0.001,True,False,2025-07-11 18:36:30.454000,2028-11-07 00:00:00,2025-07-03T20:37:22.639481Z,will-mrbeast-win-the-2028-democratic-presidential-nomination,17.45657201791637,0.001,892,322,0.0075,0.0,0.0,0.0,,0.0,0.00022571932298890568,0.04
2026-05-30,0.0005,558978,69020832226510184384177497367584971770730339593583713190288186699694495509961,Will Curaçao win the 2026 FIFA World Cup?,Football / Soccer,Sports,Football / Soccer,,"Soccer, Sports, FIFA World Cup, 2026 FIFA World Cup, Hide From New",Yes,40372925.67691623,10277798.22574,,0.001,0.001,True,False,2025-07-02 22:27:41.688000,2026-07-20 00:00:00,2025-07-02T16:55:06.231278Z,will-curaao-win-the-2026-fifa-world-cup,17.513669986533227,0.001,51,331,0.0005,0.0,0.0,0.0002672612419124,,0.0,0.00019318952772764963,0.03
2026-05-30,0.0065,559690,55087250670040717711131370018408221134109122974378698780636020561523521220754,Will Kim Kardashian win the 2028 Democratic presidential nomination?,US Elections,Politics,US Elections,,"World Elections, Global Elections, Elections, Politics, US Election, Earn 4%, Primaries, United States",Yes,39960835.48645629,3140510.9655,0.006,0.007,0.001,True,False,2025-07-11 18:36:36.739000,2028-11-07 00:00:00,2025-07-03T20:37:25.42053Z,will-kim-kardashian-win-the-2028-democratic-presidential-nomination,17.503410444620034,0.001,892,322,0.0065,0.0,0.0,0.0,,0.0,0.00018691289605098256,0.03
2026-05-30,0.0065,559680,81633484456710374417231462107666791993850637546563366185897100962157481970040,Will Phil Murphy win the 2028 Democratic presidential nomination?,US Elections,Politics,US Elections,,"World Elections, Global Elections, Elections, Politics, US Election, Earn 4%, Primaries, United States",Yes,39979784.63568688,2335088.47244,0.006,0.007,0.001,True,False,2025-07-11 18:36:27.287000,2028-11-07 00:00:00,2025-07-03T20:37:19.607432Z,will-phil-murphy-win-the-2028-democratic-presidential-nomination-611,17.50388452523343,0.001,892,322,0.0065,0.0,0.0,0.0,,0.0,0.00018668295736435497,0.03
2026-05-30,0.0085,561986,311624663652221737215322113380496984764966764039692273354641152455298576851,Will Byron Donalds win the 2028 Republican presidential nomination?,US Elections,Politics,US Elections,,"Politics, US Election, Elections, World Elections, Global Elections, Earn 4%, Primaries, United States",Yes,42790757.66499348,1532733.7747,0.008,0.009,0.001,True,False,2025-07-11 19:42:16.031000,2028-11-07 00:00:00,2025-07-10T16:58:10.023814Z,will-byron-donalds-win-the-2028-republican-presidential-nomination,17.571832718195946,0.0009999999999999,892,322,0.0085,0.0,0.0,0.0003631365196012,,0.0,0.0001859043945948366,0.03
2026-05-30,0.0065,559689,37126434962149084556522721025504254258386171468763869879755961635390358765833,Will Beto O’Rourke win the 2028 Democratic presidential nomination?,US Elections,Politics,US Elections,,"World Elections, Global Elections, Elections, Politics, US Election, Earn 4%, Primaries, United States",Yes,40337516.21886436,1934470.21737,0.006,0.007,0.001,True,False,2025-07-11 18:36:34.658000,2028-11-07 00:00:00,2025-07-03T20:37:24.901108Z,will-beto-orourke-win-the-2028-democratic-presidential-nomination,17.512792542212157,0.001,892,322,0.0065,0.0,0.0,0.0,,0.0,0.00018236238894907796,0.03
2026-05-30,0.0075,559681,100561779829530520068956424581003844045516012444425572625523659025114550346085,Will LeBron James win the 2028 Democratic presidential nomination?,US Elections,Politics,US Elections,,"World Elections, Global Elections, Elections, Politics, US Election, Earn 4%, Primaries, United States",Yes,41808413.635164775,2492885.29254,0.007,0.008,0.001,True,False,2025-07-11 18:36:26.228000,2028-11-07 00:00:00,2025-07-03T20:37:20.29482Z,will-lebron-james-win-the-2028-democratic-presidential-nomination,17.548608184296796,0.001,892,322,0.0075,0.0,0.0,0.0,,0.0,0.00018107992069812603,0.03
2026-05-30,0.0065,559683,48218088132821386640274752564592889805082274744128282833036735027928992155024,Will George Clooney win the 2028 Democratic presidential nomination?,US Elections,Politics,US Elections,,"World Elections, Global Elections, Elections, Politics, US Election, Earn 4%, Primaries, United States",Yes,40729653.078322485,2364514.54803,0.006,0.007,0.001,True,False,2025-07-11 18:36:28.600000,2028-11-07 00:00:00,2025-07-03T20:37:21.627643Z,will-george-clooney-win-the-2028-democratic-presidential-nomination,17.522466986544643,0.001,892,322,0.0065,0.0,0.0,0.0,,0.0,0.00017767008776486265,0.03
2026-05-30,0.0075,559677,6349038249650226718426900942104344803413105653564595362433352811865798195800,Will Hillary Clinton win the 2028 Democratic presidential nomination?,US Elections,Politics,US Elections,,"World Elections, Global Elections, Elections, Politics, US Election, Earn 4%, Primaries, United States",Yes,42256017.60699486,2186972.85687,0.007,0.008,0.001,True,False,2025-07-11 18:36:22.165000,2028-11-07 00:00:00,2025-07-03T20:37:17.804012Z,will-hillary-clinton-win-the-2028-democratic-presidential-nomination,17.559257353858666,0.001,892,322,0.0075,0.0,0.0,0.0,,0.0,0.0001759148580620963,0.03
2026-05-30,0.0065,561995,110467341601356058460373968989438018821471776813704553223329002744055822742107,Will Mike Pence win the 2028 Republican presidential nomination?,US Elections,Politics,US Elections,,"Politics, US Election, Elections, World Elections, Global Elections, Earn 4%, Primaries, United States",Yes,40894123.45359736,1945285.26376,0.006,0.007,0.001,True,False,2025-07-11 19:42:26.210000,2028-11-07 00:00:00,2025-07-10T16:58:15.525628Z,will-mike-pence-win-the-2028-republican-presidential-nomination,17.5264969543022,0.001,892,322,0.0065,0.0,0.0,0.0,,0.0,0.00017571547188913357,0.03
2026-05-30,0.0065,559666,104464678880204778606895232389511543522030897731392516718349574106843434770446,Will Tim Walz win the 2028 Democratic presidential nomination?,US Elections,Politics,US Elections,,"World Elections, Global Elections, Elections, Politics, US Election, Earn 4%, Primaries, United States",Yes,40935189.23364845,2148147.83259,0.006,0.007,0.001,True,False,2025-07-11 18:36:13.472000,2028-11-07 00:00:00,2025-07-03T20:37:09.711295Z,will-tim-walz-win-the-2028-democratic-presidential-nomination-475,17.527500647994504,0.001,892,322,0.0065,0.0,0.0,0.0,,0.0,0.00017522866014686375,0.03
2026-05-30,0.0065,561247,2638997461401140008448476093092229850740161649668999975101243681118238509713,Will Tim Walz win the 2028 US Presidential Election?,US Elections,Politics,US Elections,,"World Elections, Global Elections, US Election, Elections, Politics, Earn 4%, President, United States, Main Election",Yes,41832892.00370825,1778995.08548,0.006,0.007,0.001,True,False,2025-07-11 19:06:06.339000,2028-11-07 00:00:00,2025-07-08T19:06:08.2515Z,will-tim-walz-win-the-2028-us-presidential-election,17.549193502004837,0.001,892,322,0.0065,0.0,0.0,0.0,,0.0,0.0001647071871750342,0.03
2026-03-11,0.0005,553861,108169301860964568280919009470345091856250866871799542460872818801065399794523,Will the Indiana Pacers win the 2026 NBA Finals?,Basketball,Sports,Basketball,,"Sports, NBA, NBA Finals, Basketball, NBA Champion, 2026 NBA Playoffs",Yes,402541705.4433491,1221398.35031,,0.001,0.001,True,True,2025-06-23 16:02:17.845987,2026-07-01 00:00:00,2025-06-19T18:23:30.310922Z,will-the-indiana-pacers-win-the-2026-nba-finals,19.81330926794766,0.001,112,260,0.0005,0.0,0.00057735026919,0.0003922322702763,,0.00057735026919,0.00011900782482915026,0.02
2026-05-30,0.0065,559688,102504892414163237174864879683522880588750452841477290216845150938663289742135,Will Andrew Yang win the 2028 Democratic presidential nomination?,US Elections,Politics,US Elections,,"World Elections, Global Elections, Elections, Politics, US Election, Earn 4%, Primaries, United States",Yes,46207639.91169718,1759512.76987,0.006,0.007,0.001,True,False,2025-07-11 18:36:34.398000,2028-11-07 00:00:00,2025-07-03T20:37:24.380612Z,will-andrew-yang-win-the-2028-democratic-presidential-nomination,17.648655730076,0.001,892,322,0.0065,0.0,0.0,0.0,,0.0,0.00011646599475885304,0.02
2026-05-30,0.0005,558960,90538013438399246674125939147272424357773921253199632436930218305581040235987,Will Uzbekistan win the 2026 FIFA World Cup?,Football / Soccer,Sports,Football / Soccer,,"Soccer, Sports, FIFA World Cup, 2026 FIFA World Cup, Hide From New",Yes,47542364.99141759,7397707.6269,,0.001,0.001,True,False,2025-07-02 22:27:23.588000,2026-07-20 00:00:00,2025-07-02T16:54:55.743901Z,will-uzbekistan-win-the-2026-fifa-world-cup-773,17.677131787093288,0.001,51,331,0.0005,0.0,0.0,0.0002672612419152,,0.0,0.00011390724814839756,0.02
2026-05-30,0.0075,559679,113510300123120868861281132282742729065975487298059944817273881893086209196585,Will Bernie Sanders win the 2028 Democratic presidential nomination?,US Elections,Politics,US Elections,,"World Elections, Global Elections, Elections, Politics, US Election, Earn 4%, Primaries, United States",Yes,50008979.46054544,1449034.63286,0.007,0.008,0.001,True,False,2025-07-11 18:36:22.931000,2028-11-07 00:00:00,2025-07-03T20:37:18.987743Z,will-bernie-sanders-win-the-2028-democratic-presidential-nomination-879,17.727713156475527,0.001,892,322,0.0075,0.0,0.0,0.0,,0.0,9.421038647266199e-05,0.02
2026-03-26,0.0005,553874,14471701768196830630634668680091812585489580903183764961933738527738578243643,Will the Memphis Grizzlies win the 2026 NBA Finals?,Basketball,Sports,Basketball,,"Sports, NBA, NBA Finals, Basketball, NBA Champion, 2026 NBA Playoffs",Yes,402541705.4433491,1221398.35031,,0.001,0.001,True,True,2025-06-23 16:02:38.166087,2026-07-01 00:00:00,2025-06-19T18:23:36.929001Z,will-the-memphis-grizzlies-win-the-2026-nba-finals,19.81330926794766,0.001,97,275,0.0005,0.0,0.0003779644730097,0.0002672612419122,,0.0003779644730097,7.498242827463746e-05,0.02
2026-03-25,0.0005,553875,53866778779597540216098195494948116143462973030875609635557099377395290457894,Will the New Orleans Pelicans win the 2026 NBA Finals?,Basketball,Sports,Basketball,,"Sports, NBA, NBA Finals, Basketball, NBA Champion, 2026 NBA Playoffs",Yes,402541705.4433491,1221398.35031,,0.001,0.001,True,True,2025-06-23 16:02:37.658255,2026-07-01 00:00:00,2025-06-19T18:23:37.3647Z,will-the-new-orleans-pelicans-win-the-2026-nba-finals,19.81330926794766,0.001,98,274,0.0005,0.0,0.0003779644730091,0.0002672612419124,,0.0003779644730091,7.424233026616031e-05,0.02
2026-03-19,0.0005,553883,53006315426468323724031258089790468729343421857824347432950535733105890769616,Will the Utah Jazz win the 2026 NBA Finals?,Basketball,Sports,Basketball,,"Sports, NBA, NBA Finals, Basketball, NBA Champion, 2026 NBA Playoffs",Yes,402541705.4433491,1221398.35031,,0.001,0.001,True,True,2025-06-23 16:02:46.825052,2026-07-01 00:00:00,2025-06-19T18:23:41.388362Z,will-the-utah-jazz-win-the-2026-nba-finals,19.81330926794766,0.001,104,268,0.0005,0.0,0.0003779644730093,0.0002672612419126,,0.0003779644730093,6.980174221634522e-05,0.02
2026-05-30,0.0065,561251,39223330966352513418907732239455948906399882924787587183466504819170775983376,Will LeBron James win the 2028 US Presidential Election?,US Elections,Politics,US Elections,,"World Elections, Global Elections, US Election, Elections, Politics, Earn 4%, President, United States, Main Election",Yes,51192090.32207158,2237569.78833,0.006,0.007,0.001,True,False,2025-07-11 19:06:10.755000,2028-11-07 00:00:00,2025-07-08T19:06:10.305398Z,will-lebron-james-win-the-2028-us-presidential-election,17.75109561171279,0.001,892,322,0.0065,0.0,0.0,0.0,,0.0,6.67805801349685e-05,0.02
2026-03-12,0.0005,553885,57216346243194048494106885096326902046397640842339362261275028299309205230984,Will the Washington Wizards win the 2026 NBA Finals?,Basketball,Sports,Basketball,,"Sports, NBA, NBA Finals, Basketball, NBA Champion, 2026 NBA Playoffs",Yes,402541705.4433491,1221398.35031,,0.001,0.001,True,True,2025-06-23 16:02:48.378733,2026-07-01 00:00:00,2025-06-19T18:23:42.299073Z,will-the-washington-wizards-win-the-2026-nba-finals,19.81330926794766,0.001,111,261,0.0005,0.0,0.0003779644730089,0.0002672612419126,,0.0003779644730089,6.462105615805472e-05,0.02
2026-03-24,0.0005,553870,66366257655830261525886886009374355528181312179120554384746710233627914852488,Will the Dallas Mavericks win the 2026 NBA Finals?,Basketball,Sports,Basketball,,"Sports, NBA, NBA Finals, Basketball, NBA Champion, 2026 NBA Playoffs",Yes,402541705.4433491,1221398.35031,,0.001,0.001,True,True,2025-06-23 16:02:27.897397,2026-07-01 00:00:00,2025-06-19T18:23:35.115947Z,will-the-dallas-mavericks-win-the-2026-nba-finals,19.81330926794766,0.001,99,273,0.0005,0.0,0.0,0.0,,0.0,-3.099867759733671e-05,0.0
2026-03-13,0.0005,553880,64549842273644936434796394147539611999053320902810805414231521716955581728589,Will the Brooklyn Nets win the 2026 NBA Finals?,Basketball,Sports,Basketball,,"Sports, NBA, NBA Finals, Basketball, NBA Champion, 2026 NBA Playoffs",Yes,402541705.4433491,1221398.35031,,0.001,0.001,True,True,2025-06-23 16:02:41.548206,2026-07-01 00:00:00,2025-06-19T18:23:39.603474Z,will-the-brooklyn-nets-win-the-2026-nba-finals,19.81330926794766,0.001,110,262,0.0005,0.0,0.0,0.0002672612419124,,0.0,-3.9139755688763836e-05,0.0
2026-03-12,0.0005,553884,43188456899429095169719425657675574406971788455653520655277889301401421589231,Will the Sacramento Kings win the 2026 NBA Finals?,Basketball,Sports,Basketball,,"Sports, NBA, NBA Finals, Basketball, NBA Champion, 2026 NBA Playoffs",Yes,402541705.4433491,1221398.35031,,0.001,0.001,True,True,2025-06-23 16:02:48.124280,2026-07-01 00:00:00,2025-06-19T18:23:41.833341Z,will-the-sacramento-kings-win-the-2026-nba-finals,19.81330926794766,0.001,111,261,0.0005,0.0,0.0,0.0,,0.0,-3.9879853697074447e-05,0.0
