date,category,avg_rolling_volatility_7d
2025-05-10,Other,0.0341216311785605
2025-05-11,Other,0.0138443731048634
2025-05-12,Other,0.0136713116380529
2025-05-13,Other,0.0136713116380529
2025-05-14,Other,0.0060749289629395
2025-05-15,Other,0.0055634864026418
2025-05-16,Other,0.0053452248382485
2025-05-17,Other,0.0047559486560567
2025-05-18,Other,0.0044986770542122
2025-05-19,Other,0.0037796447300923
2025-05-20,Other,0.0039339789623472
2025-05-21,Other,0.0018898223650462
2025-05-22,Other,0.0024397501823713
2025-05-23,Other,0.0034503277967118
2025-05-24,Other,0.0034503277967118
2025-05-25,Other,0.0034503277967118
2025-05-26,Other,0.0037796447300923
2025-05-27,Other,0.0034503277967118
2025-05-28,Other,0.0034503277967118
2025-05-29,Other,0.0028867513459481
2025-05-30,Other,0.0024397501823713
2025-05-31,Other,0.0024397501823713
2025-06-01,Other,0.0024397501823713
2025-06-02,Other,0.0018898223650462
2025-06-03,Other,0.0024397501823713
2025-06-04,Other,0.012817398889233
2025-06-05,Other,0.0141421356237309
2025-06-06,Other,0.014556948921555
2025-06-07,Other,0.014556948921555
2025-06-08,Other,0.014556948921555
2025-06-09,Other,0.014556948921555
2025-06-10,Other,0.0149204238418031
2025-06-11,Other,0.0101770048919821
2025-06-12,Other,0.0056694670951384
2025-06-13,Other,0.0055634864026418
2025-06-14,Other,0.0055634864026418
2025-06-15,Other,0.0055634864026418
2025-06-16,Other,0.0053452248382485
2025-06-17,Other,0.0053452248382485
2025-06-18,Other,0.0125356634105601
2025-06-19,Other,0.0184197099403251
2025-06-20,Other,0.0174914945316968
2025-06-21,Other,0.0170433620649269
2025-06-22,Other,0.0177281052085583
2025-06-23,Other,0.0195789002074512
2025-06-24,Other,0.0195789002074512
2025-06-25,Other,0.0175254916376932
2025-06-26,Other,0.0101770048919821
2025-06-27,Other,0.0080178372573727
2025-06-28,Other,0.0128173988892331
2025-06-29,Other,0.0128637549135619
2025-06-30,Other,0.012392393980641
2025-07-01,Basketball,0.02580994505856656
2025-07-01,Hockey,0.0353373346823587
2025-07-01,Other,0.012909944487358
2025-07-02,Basketball,0.028270533776318135
2025-07-02,Hockey,0.03336062913572533
2025-07-02,Other,0.0114434427054265
2025-07-03,Basketball,0.028230184736245202
2025-07-03,Hockey,0.0306382866420865
2025-07-03,Other,0.0122474487139158
2025-07-04,Basketball,0.02696132814411312
2025-07-04,Crypto Airdrops,0.0579121859206715
2025-07-04,Hockey,0.0306382866420865
2025-07-04,Other,0.0122474487139158
2025-07-05,Basketball,0.026957078232548094
2025-07-05,Crypto Airdrops,0.055665508100747496
2025-07-05,Hockey,0.026214424492579966
2025-07-05,Other,0.0063620901028035
2025-07-06,Basketball,0.02715634777481541
2025-07-06,Crypto Airdrops,0.0500638098971746
2025-07-06,Hockey,0.0088209000170828
2025-07-06,Other,0.0080178372573727
2025-07-07,Basketball,0.02514639262451968
2025-07-07,Crypto Airdrops,0.0232793591589852
2025-07-07,Hockey,0.0088209000170828
2025-07-07,Other,0.0080178372573727
2025-07-08,Basketball,0.021483279405298195
2025-07-08,Crypto Airdrops,0.01044587355308935
2025-07-08,Hockey,0.007559289460184533
2025-07-08,Other,0.0088640526042792
2025-07-09,Basketball,0.005564536678581786
2025-07-09,Crypto Airdrops,0.02820090899421085
2025-07-09,Hockey,0.007559289460184533
2025-07-09,Other,0.0097590007294853
2025-07-10,Basketball,0.005024477471951861
2025-07-10,Crypto Airdrops,0.0273911729581458
2025-07-10,Football / Soccer,0.037196344827611076
2025-07-10,Hockey,0.0018898223650461333
2025-07-10,Other,0.0095742710775633
2025-07-11,Basketball,0.0036792350911318736
2025-07-11,Crypto Airdrops,0.0273911729581458
2025-07-11,Football / Soccer,0.034899780991242996
2025-07-11,Hockey,0.004913538149119933
2025-07-11,Other,0.0097590007294853
2025-07-12,Basketball,0.003134422701711187
2025-07-12,Crypto Airdrops,0.0273911729581458
2025-07-12,Football / Soccer,0.03011288947572969
2025-07-12,Hockey,0.006365949517587066
2025-07-12,Other,0.0097590007294853
2025-07-13,Basketball,0.0022483252520839087
2025-07-13,Crypto Airdrops,0.0273911729581458
2025-07-13,Football / Soccer,0.026397457178188286
2025-07-13,Hockey,0.0044814432199162335
2025-07-13,Other,0.0085216810324634
2025-07-14,Basketball,0.0015529190788435043
2025-07-14,Crypto Airdrops,0.0252251763880755
2025-07-14,Football / Soccer,0.016383713606380575
2025-07-14,Hockey,0.0064153233019766
2025-07-14,Other,0.0083808170984752
2025-07-15,Basketball,0.0015745116219292566
2025-07-15,Crypto Airdrops,0.03394671287266295
2025-07-15,Football / Soccer,0.007983338267191463
2025-07-15,Hockey,0.012157459654700298
2025-07-15,Other,0.007319250547114
2025-07-16,Basketball,0.0015140623437012045
2025-07-16,Crypto Airdrops,0.0226778683805536
2025-07-16,Football / Soccer,0.007868344643826988
2025-07-16,Hockey,0.022276287337539464
2025-07-16,Other,0.0060749289629395
2025-07-17,Basketball,0.0014624269180453216
2025-07-17,Crypto Airdrops,0.0085042006427076
2025-07-17,Football / Soccer,0.007491296255861419
2025-07-17,Hockey,0.026203602871417767
2025-07-17,Other,0.0062678317052801
2025-07-18,Basketball,0.0014251794414619522
2025-07-18,Crypto Airdrops,0.0085042006427076
2025-07-18,Football / Soccer,0.007284275891608912
2025-07-18,Hockey,0.036084655772529235
2025-07-18,Other,0.0062678317052801
2025-07-19,Basketball,0.001478022328984926
2025-07-19,Crypto Airdrops,0.0085042006427076
2025-07-19,Football / Soccer,0.006817131103309756
2025-07-19,Hockey,0.035137985968997136
2025-07-19,Other,0.0053452248382485
2025-07-20,Basketball,0.001363286283875426
2025-07-20,Crypto Airdrops,0.01700840128541525
2025-07-20,Football / Soccer,0.007347193389590987
2025-07-20,Hockey,0.035096995930909064
2025-07-20,Other,0.0040824829046386
2025-07-21,Basketball,0.0013738721639159437
2025-07-21,Crypto Airdrops,0.034857061403856554
2025-07-21,Football / Soccer,0.0077158550543328435
2025-07-21,Hockey,0.0350558809285807
2025-07-21,Other,0.0230424039751147
2025-07-22,Basketball,0.0015493488659851652
2025-07-22,Crypto Airdrops,0.03505546841626405
2025-07-22,Football / Soccer,0.007522820289037488
2025-07-22,Hockey,0.034669841565381436
2025-07-22,Other,0.0378279312274988
2025-07-23,Basketball,0.0016431867496541652
2025-07-23,Crypto Airdrops,0.03505546841626405
2025-07-23,Football / Soccer,0.008259162645850669
2025-07-23,Hockey,0.024424390720368967
2025-07-23,Other,0.0379536057638295
2025-07-24,Basketball,0.001622856620370952
2025-07-24,Crypto Airdrops,0.0350310219232753
2025-07-24,Football / Soccer,0.007804904874623781
2025-07-24,Hockey,0.015542845789403901
2025-07-24,Other,0.0378279312274988
2025-07-25,Basketball,0.0016684203804099042
2025-07-25,Crypto Airdrops,0.0380193626320854
2025-07-25,Football / Soccer,0.007468337609834019
2025-07-25,Hockey,0.0009552408126648334
2025-07-25,Other,0.0380632306013234
2025-07-26,Basketball,0.0015736791373093001
2025-07-26,Crypto Airdrops,0.0380193626320854
2025-07-26,Football / Soccer,0.007654541748479319
2025-07-26,Hockey,0.0013358387360524334
2025-07-26,Other,0.0381569440725064
2025-07-26,US Elections,0.0018533527477139192
2025-07-27,Basketball,0.0015554020540724043
2025-07-27,Crypto Airdrops,0.03773580442104635
2025-07-27,Football / Soccer,0.00681523619161475
2025-07-27,Hockey,0.0013358387360524334
2025-07-27,Other,0.0382348631736111
2025-07-27,US Elections,0.0013965955320208775
2025-07-28,Basketball,0.0015411439420198738
2025-07-28,Crypto Airdrops,0.02745848117508025
2025-07-28,Football / Soccer,0.006011126884520631
2025-07-28,Hockey,0.0013358387360524334
2025-07-28,Other,0.0285356919363402
2025-07-28,US Elections,0.001292989139069051
2025-07-29,Basketball,0.0015284500724016086
2025-07-29,Crypto Airdrops,0.02990501730830675
2025-07-29,Football / Soccer,0.005680088037362188
2025-07-29,Hockey,0.0009101490116855334
2025-07-29,Other,0.0121987509118566
2025-07-29,US Elections,0.001344639377466474
2025-07-30,Basketball,0.001452454913428739
2025-07-30,Crypto Airdrops,0.030923082441509403
2025-07-30,Football / Soccer,0.004176661379910456
2025-07-30,Hockey,0.0009648566695277666
2025-07-30,Other,0.012392393980641
2025-07-30,US Elections,0.00124980087075734
2025-07-31,Basketball,0.0013610720782816607
2025-07-31,Crypto Airdrops,0.030923082441509403
2025-07-31,Football / Soccer,0.004284851421665375
2025-07-31,Hockey,0.011517981169732633
2025-07-31,Other,0.012392393980641
2025-07-31,US Elections,0.0012901520100459544
2025-08-01,Basketball,0.0012968983956635869
2025-08-01,Crypto Airdrops,0.031334067288364104
2025-08-01,Football / Soccer,0.004512830595119125
2025-08-01,Hockey,0.012431509205684267
2025-08-01,Other,0.0209591439301731
2025-08-01,US Elections,0.0012827542847612052
2025-08-02,Basketball,0.0013346667203233738
2025-08-02,Crypto Airdrops,0.031334067288364104
2025-08-02,Football / Soccer,0.0035271675501162376
2025-08-02,Hockey,0.0121778027021349
2025-08-02,Other,0.0203540097839643
2025-08-02,US Elections,0.0013369808999979793
2025-08-03,Basketball,0.001339030253262787
2025-08-03,Crypto Airdrops,0.03120543148744185
2025-08-03,Football / Soccer,0.0020663643775473625
2025-08-03,Hockey,0.017827066927246168
2025-08-03,Other,0.0330943816264648
2025-08-03,US Elections,0.001165877972773
2025-08-04,Basketball,0.001325761291694639
2025-08-04,Crypto Airdrops,0.01890748481589075
2025-08-04,Football / Soccer,0.002010205013688981
2025-08-04,Hockey,0.017878996832429998
2025-08-04,Other,0.0325137333621172
2025-08-04,US Elections,0.001139966953546219
2025-08-05,Basketball,0.0011934693774960478
2025-08-05,Crypto Airdrops,0.01821757208626885
2025-08-05,Football / Soccer,0.0019181209861575874
2025-08-05,Hockey,0.0179246566475293
2025-08-05,Other,0.0337709370683757
2025-08-05,US Elections,0.0009748101281176874
2025-08-06,Basketball,0.0010810683613911
2025-08-06,Crypto Airdrops,0.0162115945201201
2025-08-06,Football / Soccer,0.0020216605561938126
2025-08-06,Hockey,0.017801201740998935
2025-08-06,Other,0.0340867241298539
2025-08-06,US Elections,0.0009452521309392651
2025-08-07,Basketball,0.001018125470558887
2025-08-07,Crypto Airdrops,0.0330361747387484
2025-08-07,Football / Soccer,0.0018764621252447813
2025-08-07,Hockey,0.012173169467460734
2025-08-07,Other,0.0371931893407023
2025-08-07,US Elections,0.0008073499326348095
2025-08-08,Basketball,0.0012453070386170086
2025-08-08,Crypto Airdrops,0.0408083581647678
2025-08-08,Football / Soccer,0.0016772852158533876
2025-08-08,Hockey,0.0115106072047559
2025-08-08,Other,0.0579121859206715
2025-08-08,US Elections,0.0006561277679245317
2025-08-09,Basketball,0.0012140138553567
2025-08-09,Crypto Airdrops,0.041105950886214854
2025-08-09,Football / Soccer,0.0010999564063691
2025-08-09,Hockey,0.012144520152714467
2025-08-09,Other,0.0579121859206715
2025-08-09,US Elections,0.0006545381549581889
2025-08-10,Basketball,0.0013513892294866783
2025-08-10,Crypto Airdrops,0.04054169568424225
2025-08-10,Football / Soccer,0.0010186747161315501
2025-08-10,Hockey,0.0044312255532053665
2025-08-10,Other,0.0579121859206715
2025-08-10,US Elections,0.0007894957997880778
2025-08-11,Basketball,0.0014405119234109697
2025-08-11,Crypto Airdrops,0.03538797041711675
2025-08-11,Football / Soccer,0.0008313669041564
2025-08-11,Hockey,0.0038700442676876667
2025-08-11,Other,0.0579121859206715
2025-08-11,US Elections,0.0008681474043452952
2025-08-12,Basketball,0.0014844793232404651
2025-08-12,Crypto Airdrops,0.0334877277962106
2025-08-12,Football / Soccer,0.00065856583558115
2025-08-12,Hockey,0.0037830824447155666
2025-08-12,Other,0.0579121859206715
2025-08-12,US Elections,0.0009272729790311762
2025-08-13,Basketball,0.0014731118543854912
2025-08-13,Crypto Airdrops,0.0334877277962106
2025-08-13,Football / Soccer,0.00040487330078024374
2025-08-13,Hockey,0.0038163134107454338
2025-08-13,Other,0.0579121859206715
2025-08-13,US Elections,0.0008743546780643984
2025-08-14,Basketball,0.0014566710234100392
2025-08-14,Crypto Airdrops,0.0277217089455246
2025-08-14,Football / Soccer,0.0005960387685880938
2025-08-14,Hockey,0.003966931986913167
2025-08-14,Other,0.0579121859206715
2025-08-14,US Elections,0.0008843096834072984
2025-08-15,Basketball,0.0011749734734777478
2025-08-15,Crypto Airdrops,0.0154015364869829
2025-08-15,Football / Soccer,0.0007005927388680562
2025-08-15,Hockey,0.003966931986913167
2025-08-15,Other,0.038821937833432
2025-08-15,US Elections,0.001010176383233314
2025-08-16,Basketball,0.0011461308841109303
2025-08-16,Crypto Airdrops,0.028522343586419748
2025-08-16,Football / Soccer,0.000774307507781675
2025-08-16,Hockey,0.004406614604884834
2025-08-16,Other,0.0237546987833084
2025-08-16,US Elections,0.0013597847105344095
2025-08-17,Basketball,0.0008643024241396
2025-08-17,Crypto Airdrops,0.0302248822089379
2025-08-17,Football / Soccer,0.0009391215184280063
2025-08-17,Hockey,0.0031983821356142334
2025-08-17,Other,0.021380899352994
2025-08-17,US Elections,0.0013290935858985156
2025-08-18,Basketball,0.0008257710977780914
2025-08-18,Crypto Airdrops,0.03120543148744185
2025-08-18,Football / Soccer,0.0009662308355981062
2025-08-18,Hockey,0.0032012274307366
2025-08-18,Other,0.0197604704011871
2025-08-18,US Elections,0.0013776702657661718
2025-08-19,Basketball,0.0008513872708341565
2025-08-19,Crypto Airdrops,0.03120543148744185
2025-08-19,Football / Soccer,0.0009377411486995188
2025-08-19,Hockey,0.003206091853850733
2025-08-19,Other,0.0195180014589707
2025-08-19,US Elections,0.001473561015903636
2025-08-20,Basketball,0.0008477974558763695
2025-08-20,Crypto Airdrops,0.03120543148744185
2025-08-20,Football / Soccer,0.0012201971177698376
2025-08-20,Hockey,0.003213809598931
2025-08-20,Other,0.0167616341969505
2025-08-20,US Elections,0.0015766933593291984
2025-08-21,Basketball,0.0008220872149659696
2025-08-21,Crypto Airdrops,0.03120543148744185
2025-08-21,Football / Soccer,0.0010438180870338625
2025-08-21,Hockey,0.0027819143569948663
2025-08-21,Other,0.0147196014438797
2025-08-21,US Elections,0.0017815757984072655
2025-08-22,Basketball,0.0007963814112000392
2025-08-22,Crypto Airdrops,0.030997334412655102
2025-08-22,Football / Soccer,0.000954924600949525
2025-08-22,Hockey,0.0027924857216359337
2025-08-22,Other,0.0131836839999115
2025-08-22,US Elections,0.0017981545895443048
2025-08-23,Basketball,0.0007902156805173913
2025-08-23,Crypto Airdrops,0.03120543148744185
2025-08-23,Football / Soccer,0.0008793059804882375
2025-08-23,Hockey,0.0016265508238140665
2025-08-23,Other,0.0085216810324635
2025-08-23,US Elections,0.0015462297893895343
2025-08-24,Basketball,0.0007252458410860044
2025-08-24,Crypto Airdrops,0.03289007192268295
2025-08-24,Football / Soccer,0.0007816101805816875
2025-08-24,Hockey,0.0007366922667019334
2025-08-24,Other,0.0297809462896121
2025-08-24,US Elections,0.0014687710283347811
2025-08-25,Basketball,0.0006184617532302609
2025-08-25,Crypto Airdrops,0.03289007192268295
2025-08-25,Football / Soccer,0.0007381544330177125
2025-08-25,Hockey,0.0012558923701150332
2025-08-25,Other,0.0311868409368286
2025-08-25,US Elections,0.001359394117493817
2025-08-26,Basketball,0.0005981013505770087
2025-08-26,Crypto Airdrops,0.032491626866268504
2025-08-26,Football / Soccer,0.0008507382832518563
2025-08-26,Hockey,0.0011979400595258
2025-08-26,Other,0.0305310146759464
2025-08-26,US Elections,0.0013342682931193782
2025-08-27,Basketball,0.000527780891582887
2025-08-27,Crypto Airdrops,0.032491626866268504
2025-08-27,Football / Soccer,0.0006036510301881125
2025-08-27,Hockey,0.0014286565048117
2025-08-27,Other,0.0302371578407382
2025-08-27,US Elections,0.0013192090758248
2025-08-28,Basketball,0.0003997060134614305
2025-08-28,Crypto Airdrops,0.032615718233892754
2025-08-28,Football / Soccer,0.0006807613778384813
2025-08-28,Hockey,0.006709047546544733
2025-08-28,Other,0.0303942350423485
2025-08-28,US Elections,0.0012298344004159688
2025-08-29,Basketball,0.00041939164793733044
2025-08-29,Crypto Airdrops,0.01459776301006665
2025-08-29,Football / Soccer,0.0008336740317667938
2025-08-29,Hockey,0.006656452389255933
2025-08-29,Other,0.0303942350423485
2025-08-29,US Elections,0.0011354468114577298
2025-08-30,Basketball,0.00045062793528448695
2025-08-30,Crypto Airdrops,0.0178763757656193
2025-08-30,Football / Soccer,0.0008831606611679438
2025-08-30,Hockey,0.0066149127077188
2025-08-30,Other,0.0333809184158512
2025-08-30,US Elections,0.0009942659019184048
2025-08-31,Basketball,0.0005378791045235043
2025-08-31,Crypto Airdrops,0.0127212223609823
2025-08-31,Football / Soccer,0.0006432841569695125
2025-08-31,Hockey,0.0066603132875017665
2025-08-31,Other,0.0137581144887559
2025-08-31,US Elections,0.0009953078529047828
2025-09-01,Basketball,0.0005799194521724957
2025-09-01,Crypto Airdrops,0.01056963404419205
2025-09-01,Football / Soccer,0.001093424772150725
2025-09-01,Hockey,0.0068119721351700335
2025-09-01,Other,0.0138443731048635
2025-09-01,US Elections,0.00112923354120195
2025-09-02,Basketball,0.0005915507633254521
2025-09-02,Crypto Airdrops,0.00832243291735185
2025-09-02,Football / Soccer,0.0017165464446069125
2025-09-02,Hockey,0.007532815823612933
2025-09-02,Other,0.0131836839999116
2025-09-02,US Elections,0.0011836863424703392
2025-09-03,Basketball,0.0006798991777473825
2025-09-03,Crypto Airdrops,0.008639604844263151
2025-09-03,Football / Soccer,0.0020739733388077625
2025-09-03,Hockey,0.007461341420821899
2025-09-03,Other,0.0151185789203691
2025-09-03,US Elections,0.0011104746210217954
2025-09-04,Basketball,0.0007220337973065391
2025-09-04,Crypto Airdrops,0.008141140353812101
2025-09-04,Football / Soccer,0.0019755204946914563
2025-09-04,Hockey,0.0015316614298088
2025-09-04,Other,0.014638501094228
2025-09-04,US Elections,0.001037198549550961
2025-09-05,Basketball,0.0006912801022084088
2025-09-05,Crypto Airdrops,0.0079737632868683
2025-09-05,Football / Soccer,0.0019831891721872877
2025-09-05,Hockey,0.0027651177366517666
2025-09-05,Other,0.014638501094228
2025-09-05,US Elections,0.0010593475936151204
2025-09-06,Basketball,0.0006827068718407217
2025-09-06,Crypto Airdrops,0.0049538298112091995
2025-09-06,Football / Soccer,0.0027812116624949374
2025-09-06,Hockey,0.0031116700945510328
2025-09-06,Other,0.0129099444873581
2025-09-06,US Elections,0.0012279459868716782
2025-09-07,Basketball,0.0005485713337168609
2025-09-07,Crypto Airdrops,0.0049907791510863
2025-09-07,Football / Soccer,0.0028527161113438503
2025-09-07,Hockey,0.0031592426419316
2025-09-07,Other,0.0104083299973307
2025-09-07,US Elections,0.0012065611070804188
2025-09-08,Basketball,0.0005094730803526305
2025-09-08,Crypto Airdrops,0.0049538298112091995
2025-09-08,Football / Soccer,0.0035998514964747062
2025-09-08,Hockey,0.0034335650836326333
2025-09-08,Other,0.012863754913562
2025-09-08,US Elections,0.0011198896167867625
2025-09-09,Basketball,0.0005535692972141261
2025-09-09,Crypto Airdrops,0.0031685395713298
2025-09-09,Football / Soccer,0.0041131121058879064
2025-09-09,Hockey,0.003656709012200967
2025-09-09,Other,0.013228756555323
2025-09-09,US Elections,0.0009951228848881298
2025-09-10,Basketball,0.0004273999603349609
2025-09-10,Crypto Airdrops,0.00266325076415965
2025-09-10,Football / Soccer,0.004050473747289763
2025-09-10,Hockey,0.003908350750431566
2025-09-10,Other,0.0114953406710222
2025-09-10,US Elections,0.0009411828341338625
2025-09-11,Basketball,0.0004124820008491043
2025-09-11,Crypto Airdrops,0.00266325076415965
2025-09-11,Football / Soccer,0.004611805778074862
2025-09-11,Hockey,0.003908350750431566
2025-09-11,Other,0.0114953406710222
2025-09-11,US Elections,0.0009268774420248375
2025-09-12,Basketball,0.0005489407261381913
2025-09-12,Crypto Airdrops,0.00187713841825875
2025-09-12,Football / Soccer,0.0050949950545394
2025-09-12,Hockey,0.003235269954306333
2025-09-12,Other,0.0114953406710222
2025-09-12,US Elections,0.0009001265740628531
2025-09-13,Basketball,0.0005733487836099869
2025-09-13,Crypto Airdrops,0.0030436636464313497
2025-09-13,Football / Soccer,0.0047650050370984
2025-09-13,Hockey,0.0028697805981109333
2025-09-13,Other,0.0114953406710222
2025-09-13,US Elections,0.0008964994752569874
2025-09-14,Basketball,0.0006418856995907304
2025-09-14,Crypto Airdrops,0.0040353149163569
2025-09-14,Football / Soccer,0.0047344482557095564
2025-09-14,Hockey,0.002563769229654433
2025-09-14,Other,0.0109653132758757
2025-09-14,US Elections,0.0009218008666662734
2025-09-15,Basketball,0.000675484257700213
2025-09-15,Crypto Airdrops,0.0039165028676063
2025-09-15,Football / Soccer,0.004000558913210944
2025-09-15,Hockey,0.0059114040523707
2025-09-15,Other,0.0062678317052802
2025-09-15,US Elections,0.0008016242309578812
2025-09-16,Basketball,0.0007297164382833218
2025-09-16,Crypto Airdrops,0.00334788490443345
2025-09-16,Football / Soccer,0.003534470922273019
2025-09-16,Hockey,0.005718347039578034
2025-09-16,Other,0.0086602540378444
2025-09-16,US Elections,0.0006583622139666422
2025-09-17,Basketball,0.0008705753369584348
2025-09-17,Crypto Airdrops,0.0033398745342845
2025-09-17,Football / Soccer,0.003376616321049344
2025-09-17,Hockey,0.005718297145474934
2025-09-17,Other,0.0174233013109292
2025-09-17,US Elections,0.0008449191045718453
2025-09-18,Basketball,0.0009841433141414
2025-09-18,Crypto Airdrops,0.0250554096771776
2025-09-18,Football / Soccer,0.0030025331029496878
2025-09-18,Hockey,0.005657651267487633
2025-09-18,Other,0.0193649167310371
2025-09-18,US Elections,0.0008631000908800203
2025-09-19,Basketball,0.0008634886803925566
2025-09-19,Crypto Airdrops,0.0251016682698968
2025-09-19,Football / Soccer,0.0022837616425605625
2025-09-19,Hockey,0.005666483592097933
2025-09-19,Other,0.0285356919363402
2025-09-19,US Elections,0.0008902664961455641
2025-09-20,Basketball,0.0008653992530020478
2025-09-20,Crypto Airdrops,0.02451630478852725
2025-09-20,Football / Soccer,0.002366017137738656
2025-09-20,Hockey,0.005666483592097933
2025-09-20,Other,0.0277960257522374
2025-09-20,US Elections,0.0008114605476001547
2025-09-21,Basketball,0.0008475008258348738
2025-09-21,Crypto Airdrops,0.030666530108580402
2025-09-21,Football / Soccer,0.002612405785480025
2025-09-21,Hockey,0.007273465129073599
2025-09-21,Other,0.0277960257522374
2025-09-21,US Elections,0.0008177745701638829
2025-09-22,Basketball,0.0008573765941843565
2025-09-22,Crypto Airdrops,0.0308639401639611
2025-09-22,Football / Soccer,0.0021337442564325873
2025-09-22,Hockey,0.0050698888737834335
2025-09-22,Other,0.0276026223736941
2025-09-22,US Elections,0.000796990185776361
2025-09-23,Basketball,0.0008638039549765044
2025-09-23,Crypto Airdrops,0.030366091271716102
2025-09-23,Football / Soccer,0.0017025749599894875
2025-09-23,Hockey,0.0047469608498751335
2025-09-23,Other,0.0275378527364305
2025-09-23,US Elections,0.0008370784969987266
2025-09-24,Basketball,0.0007777225396648782
2025-09-24,Crypto Airdrops,0.03040974189941815
2025-09-24,Football / Soccer,0.0016684596779044
2025-09-24,Hockey,0.0042029257876501
2025-09-24,Other,0.0253076310719946
2025-09-24,US Elections,0.0007376341092112219
2025-09-25,Basketball,0.0007972107157121956
2025-09-25,Crypto Airdrops,0.02485472054008455
2025-09-25,Football / Soccer,0.02193418142772535
2025-09-25,Hockey,0.0038249724242106664
2025-09-25,Other,0.0226253124156278
2025-09-25,US Elections,0.0007642065144845344
2025-09-26,Basketball,0.0008253495458184435
2025-09-26,Crypto Airdrops,0.0255916042109712
2025-09-26,Football / Soccer,0.003760552512284524
2025-09-26,Hockey,0.0038777719377287665
2025-09-26,Other,0.014057704208691
2025-09-26,US Elections,0.0007866840689695547
2025-09-27,Basketball,0.0008419802145749087
2025-09-27,Crypto Airdrops,0.0255855737730957
2025-09-27,Football / Soccer,0.002295021215143896
2025-09-27,Hockey,0.003985371736408766
2025-09-27,Other,0.0121498579258792
2025-09-27,US Elections,0.0007825635027357891
2025-09-28,Basketball,0.0008580272659133696
2025-09-28,Crypto Airdrops,0.00736763528035045
2025-09-28,Football / Soccer,0.0016178504198085038
2025-09-28,Hockey,0.0020714488607461333
2025-09-28,Other,0.0121987509118567
2025-09-28,US Elections,0.0007374710838953843
2025-09-29,Basketball,0.0008758810752267652
2025-09-29,Crypto Airdrops,0.00969214866108055
2025-09-29,Football / Soccer,0.00139189609159184
2025-09-29,Hockey,0.0020569772568740665
2025-09-29,Other,0.0114434427054266
2025-09-29,US Elections,0.000934206712358897
2025-09-30,Basketball,0.0009009570573239218
2025-09-30,Crypto Airdrops,0.009861048378192301
2025-09-30,Football / Soccer,0.0012945035822640961
2025-09-30,Hockey,0.007062366129486734
2025-09-30,Other,0.0131836839999116
2025-09-30,US Elections,0.0009596256922514266
2025-10-01,Basketball,0.0009345677595502522
2025-10-01,Crypto Airdrops,0.0080260519585831
2025-10-01,Football / Soccer,0.001497344999745284
2025-10-01,Hockey,0.007127275993800833
2025-10-01,Other,0.0125356634105602
2025-10-01,US Elections,0.0010310165010171783
2025-10-02,Basketball,0.0010341956281286087
2025-10-02,Crypto Airdrops,0.0149204238418031
2025-10-02,Football / Soccer,0.0015566432832779002
2025-10-02,Hockey,0.0070914961946942
2025-10-02,Other,0.0118522652044321
2025-10-02,US Elections,0.0009580379293981138
2025-10-03,Basketball,0.0010462928300812523
2025-10-03,Crypto Airdrops,0.0107459848537111
2025-10-03,Football / Soccer,0.0016365568499343362
2025-10-03,Hockey,0.007071301719983832
2025-10-03,Other,0.0111269728052838
2025-10-03,US Elections,0.0009679075058004384
2025-10-04,Basketball,0.0010891114590865086
2025-10-04,Crypto Airdrops,0.0107459848537111
2025-10-04,Football / Soccer,0.002118943498209796
2025-10-04,Hockey,0.006964446139459767
2025-10-04,Other,0.0118019368870417
2025-10-04,US Elections,0.0009290356518463938
2025-10-05,Basketball,0.0011034373773454737
2025-10-05,Crypto Airdrops,0.0107459848537111
2025-10-05,Football / Soccer,0.0024106693606355837
2025-10-05,Hockey,0.006943965543958233
2025-10-05,Other,0.035
2025-10-05,US Elections,0.0009573625908169154
2025-10-06,Basketball,0.0011472711342338392
2025-10-06,Crypto Airdrops,0.003933978962347
2025-10-06,Football / Soccer,0.00276288929165814
2025-10-06,Hockey,0.006553409605956433
2025-10-06,Other,0.0488072008738758
2025-10-06,US Elections,0.0007956169291999093
2025-10-07,Basketball,0.0010782597598107087
2025-10-07,Crypto Airdrops,0.0060749289629394
2025-10-07,Football / Soccer,0.0028009993375099763
2025-10-07,Hockey,0.0019287120300003331
2025-10-07,Other,0.0505328747309257
2025-10-07,US Elections,0.0007729627024784816
2025-10-08,Basketball,0.0011214606785833784
2025-10-08,Crypto Airdrops,0.0060749289629394
2025-10-08,Football / Soccer,0.002626528975378236
2025-10-08,Hockey,0.0017040674145277334
2025-10-08,Other,0.0501189062321272
2025-10-08,US Elections,0.0007978323976454662
2025-10-09,Basketball,0.0009366972652676391
2025-10-09,Crypto Airdrops,0.0049999999999998
2025-10-09,Football / Soccer,0.002607980633315084
2025-10-09,Hockey,0.0017935168306961334
2025-10-09,Other,0.0504031367126709
2025-10-09,US Elections,0.0009697834423724942
2025-10-10,Basketball,0.0013374235105330608
2025-10-10,Crypto Airdrops,0.0053452248382483
2025-10-10,Football / Soccer,0.002688093076509472
2025-10-10,Hockey,0.0026845846913617004
2025-10-10,Other,0.0511300861947808
2025-10-10,US Elections,0.0009166869736341367
2025-10-11,Basketball,0.0015045706819435303
2025-10-11,Crypto Airdrops,0.0063620901028034
2025-10-11,Football / Soccer,0.0025203126956262955
2025-10-11,Hockey,0.002634418543211
2025-10-11,Other,0.0550540859605569
2025-10-11,US Elections,0.0009719246262951146
2025-10-12,Basketball,0.001496883124452513
2025-10-12,Crypto Airdrops,0.0063620901028034
2025-10-12,Football / Soccer,0.0025821661671697883
2025-10-12,Hockey,0.0027649529595012334
2025-10-12,Other,0.0452243086761765
2025-10-12,US Elections,0.001009754808183831
2025-10-13,Basketball,0.0014809039517290825
2025-10-13,Crypto Airdrops,0.032137138011737454
2025-10-13,Football / Soccer,0.002443191006333848
2025-10-13,Hockey,0.0031350409138714334
2025-10-13,Other,0.0325137333621173
2025-10-13,US Elections,0.0010484653650200207
2025-10-14,Basketball,0.0015739917492521307
2025-10-14,Crypto Airdrops,0.0537408809216178
2025-10-14,Football / Soccer,0.002491657522004228
2025-10-14,Hockey,0.004285637192231
2025-10-14,Other,0.0325137333621173
2025-10-14,US Elections,0.0011291354393712736
2025-10-15,Basketball,0.0017479163502289042
2025-10-15,Crypto Airdrops,0.05356614704204715
2025-10-15,Football / Soccer,0.002617764228105724
2025-10-15,Hockey,0.005990621507944933
2025-10-15,Other,0.0323853288359023
2025-10-15,US Elections,0.0010950349587830251
2025-10-16,Basketball,0.001844201077745787
2025-10-16,Crypto Airdrops,0.05402741978145605
2025-10-16,Football / Soccer,0.002747550176668876
2025-10-16,Hockey,0.005894554998376367
2025-10-16,Other,0.0369523502699922
2025-10-16,US Elections,0.0011988942097222353
2025-10-17,Basketball,0.0016803886853006434
2025-10-17,Crypto Airdrops,0.0550511572628505
2025-10-17,Football / Soccer,0.003157323588667648
2025-10-17,Hockey,0.0054768139248434
2025-10-17,Other,0.0361379631544499
2025-10-17,US Elections,0.0011869048049891646
2025-10-18,Basketball,0.0018367882047072826
2025-10-18,Crypto Airdrops,0.05563763642964725
2025-10-18,Football / Soccer,0.00308498958684354
2025-10-18,Hockey,0.005503143974121733
2025-10-18,Other,0.0265249208966102
2025-10-18,US Elections,0.0011945934314197793
2025-10-19,Basketball,0.0018701024447914305
2025-10-19,Crypto Airdrops,0.05563763642964725
2025-10-19,Football / Soccer,0.002845627820101732
2025-10-19,Hockey,0.005492654780877833
2025-10-19,Other,0.0267483866892228
2025-10-19,US Elections,0.0011814473561681234
2025-10-20,Basketball,0.002086444067884574
2025-10-20,Crypto Airdrops,0.04107652459741945
2025-10-20,Football / Soccer,0.002939861999808964
2025-10-20,Hockey,0.005328019831883733
2025-10-20,Other,0.0243241991988774
2025-10-20,US Elections,0.0012741188067580545
2025-10-21,Basketball,0.0021767511649698566
2025-10-21,Crypto Airdrops,0.04559297110155295
2025-10-21,Football / Soccer,0.002929556871573992
2025-10-21,Hockey,0.0042564966508785
2025-10-21,Other,0.0167616341969505
2025-10-21,US Elections,0.0012434930154221794
2025-10-22,Basketball,0.001980592494636717
2025-10-22,Crypto Airdrops,0.044861318217344404
2025-10-22,Football / Soccer,0.0030737037315544317
2025-10-22,Hockey,0.0024590368712103334
2025-10-22,Other,0.0155072947504131
2025-10-22,US Elections,0.001264711731339006
2025-10-23,Basketball,0.0020602830604266043
2025-10-23,Crypto Airdrops,0.04882171293915475
2025-10-23,Football / Soccer,0.003101338828792728
2025-10-23,Hockey,0.0024582676271127334
2025-10-23,Other,0.0063620901028036
2025-10-23,US Elections,0.0010871094837348176
2025-10-24,Basketball,0.002695282033807226
2025-10-24,Crypto Airdrops,0.048686417698811546
2025-10-24,Football / Soccer,0.0028724951452590757
2025-10-24,Hockey,0.0025960992711316334
2025-10-24,Other,0.0057735026918963
2025-10-24,US Elections,0.0010580129512851647
2025-10-25,Basketball,0.002893341368605817
2025-10-25,Crypto Airdrops,0.048836688908095754
2025-10-25,Football / Soccer,0.002722063820444776
2025-10-25,Hockey,0.003533207377471667
2025-10-25,Other,0.0057735026918963
2025-10-25,US Elections,0.0010193921970330778
2025-10-26,Basketball,0.0031642683786075737
2025-10-26,Crypto Airdrops,0.049000686103767455
2025-10-26,Football / Soccer,0.0026494737995150204
2025-10-26,Hockey,0.0034524650827387
2025-10-26,Other,0.0053452248382486
2025-10-26,US Elections,0.0010358172840081
2025-10-27,Basketball,0.0030161677336787477
2025-10-27,Crypto Airdrops,0.04349258235115905
2025-10-27,Football / Soccer,0.0025707362152015477
2025-10-27,Hockey,0.0036556431272881332
2025-10-27,Other,0.0097590007294854
2025-10-27,US Elections,0.0008957309843253162
2025-10-28,Basketball,0.0029742867030521695
2025-10-28,Crypto Airdrops,0.04184296335509895
2025-10-28,Football / Soccer,0.002565178668372704
2025-10-28,Hockey,0.003033055421367233
2025-10-28,Other,0.0091287092917528
2025-10-28,US Elections,0.0010307678959630222
2025-10-29,Basketball,0.003083739782548035
2025-10-29,Crypto Airdrops,0.0448238500257092
2025-10-29,Football / Soccer,0.002480003344148104
2025-10-29,Hockey,0.0022292778612782002
2025-10-29,Other,0.0131836839999116
2025-10-29,US Elections,0.0011653284109314132
2025-10-30,Basketball,0.0030721021135488827
2025-10-30,Crypto Airdrops,0.0370845263008648
2025-10-30,Football / Soccer,0.002330749846616332
2025-10-30,Hockey,0.0030894806107026663
2025-10-30,Other,0.0139727626201155
2025-10-30,US Elections,0.0013016837989830853
2025-10-31,Basketball,0.002415928698646448
2025-10-31,Crypto Airdrops,0.03627534350744945
2025-10-31,Football / Soccer,0.00204696262881536
2025-10-31,Hockey,0.0030695548807207662
2025-10-31,Other,0.0139727626201155
2025-10-31,US Elections,0.001318183521725319
2025-11-01,Basketball,0.0022337045160754133
2025-11-01,Crypto Airdrops,0.04151547571738595
2025-11-01,Football / Soccer,0.002817830061222404
2025-11-01,Hockey,0.0042727685064243
2025-11-01,Other,0.0151185789203691
2025-11-01,US Elections,0.0014040931001279295
2025-11-02,Basketball,0.002194966881232187
2025-11-02,Crypto Airdrops,0.0453406094607509
2025-11-02,Football / Soccer,0.003243030196853392
2025-11-02,Hockey,0.004328597367168966
2025-11-02,Other,0.0156600796689575
2025-11-02,US Elections,0.0014756373784356911
2025-11-03,Basketball,0.0022066833775963826
2025-11-03,Crypto Airdrops,0.04851978625271005
2025-11-03,Football / Soccer,0.003171818925442448
2025-11-03,Hockey,0.004435992233659233
2025-11-03,Other,0.0109653132758757
2025-11-03,US Elections,0.0015019051323214795
2025-11-04,Basketball,0.002614611464605987
2025-11-04,Crypto Airdrops,0.04851978625271005
2025-11-04,Football / Soccer,0.003248566475074372
2025-11-04,Hockey,0.004556324159294
2025-11-04,Other,0.0121987509118567
2025-11-04,US Elections,0.0015035641187612014
2025-11-05,Basketball,0.002634187814858022
2025-11-05,Crypto Airdrops,0.04999319171015195
2025-11-05,Football / Soccer,0.0031746835966553677
2025-11-05,Hockey,0.004709568170881366
2025-11-05,Other,0.013451854182691
2025-11-05,US Elections,0.0014182511015517442
2025-11-06,Basketball,0.002714492376191013
2025-11-06,Crypto Airdrops,0.0512017748626145
2025-11-06,Football / Soccer,0.0033969601998680397
2025-11-06,Hockey,0.0042285441561542006
2025-11-06,Other,0.0181265393434993
2025-11-06,US Elections,0.0012910556366337925
2025-11-07,Basketball,0.002718063153370365
2025-11-07,Crypto Airdrops,0.03965599025036025
2025-11-07,Football / Soccer,0.003390055058165472
2025-11-07,Hockey,0.004408668225945533
2025-11-07,Other,0.0579121859206715
2025-11-07,US Elections,0.0012597648950207986
2025-11-08,Basketball,0.002632658153286726
2025-11-08,Crypto Airdrops,0.0399533527962353
2025-11-08,Football / Soccer,0.002662455471675484
2025-11-08,Hockey,0.0029898255353882665
2025-11-08,Other,0.0579121859206715
2025-11-08,US Elections,0.001214727139210225
2025-11-09,Basketball,0.0024287592362799565
2025-11-09,Crypto Airdrops,0.0372040944340713
2025-11-09,Football / Soccer,0.002365830402673296
2025-11-09,Hockey,0.0033121591117678665
2025-11-09,Other,0.0579121859206715
2025-11-09,US Elections,0.0011219011728562634
2025-11-10,Basketball,0.0026950253176934217
2025-11-10,Crypto Airdrops,0.036859876927760896
2025-11-10,Football / Soccer,0.002417416337024168
2025-11-10,Hockey,0.0029413712470749333
2025-11-10,Other,0.0579121859206715
2025-11-10,US Elections,0.0011691953250852396
2025-11-11,Basketball,0.001955024448357296
2025-11-11,Crypto Airdrops,0.0404871578417786
2025-11-11,Football / Soccer,0.002121635288955552
2025-11-11,Hockey,0.0028670324618406333
2025-11-11,Other,0.0579121859206715
2025-11-11,US Elections,0.0010956483779834543
2025-11-12,Basketball,0.0017346496739132696
2025-11-12,Crypto Airdrops,0.04501031655533075
2025-11-12,Football / Soccer,0.0022158084413264802
2025-11-12,Hockey,0.0033868850410914333
2025-11-12,Other,0.0579121859206715
2025-11-12,US Elections,0.0010828669567657459
2025-11-13,Basketball,0.0016608635048007783
2025-11-13,Crypto Airdrops,0.047383879949915705
2025-11-13,Football / Soccer,0.002249169096452748
2025-11-13,Hockey,0.0032324359852562664
2025-11-13,Other,0.0579121859206715
2025-11-13,US Elections,0.0009549232183954985
2025-11-14,Basketball,0.0016515864413399872
2025-11-14,Crypto Airdrops,0.04890286304222765
2025-11-14,Football / Soccer,0.0025345558932037522
2025-11-14,Hockey,0.0032324791927134337
2025-11-14,Other,0.0092729766115373
2025-11-14,US Elections,0.0009201248475555501
2025-11-15,Basketball,0.0018187359979090739
2025-11-15,Crypto Airdrops,0.044616172629293196
2025-11-15,Football / Soccer,0.0048299960751446306
2025-11-15,Hockey,0.005162657759616667
2025-11-15,Other,0.0042398337793141
2025-11-15,US Elections,0.0009497914012623058
2025-11-16,Basketball,0.0017938714728219698
2025-11-16,Crypto Airdrops,0.044492149333143105
2025-11-16,Football / Soccer,0.0028134313684613885
2025-11-16,Hockey,0.005559360641497333
2025-11-16,Other,0.0046726152562945
2025-11-16,US Elections,0.0008957714873533671
2025-11-17,Basketball,0.0015639099115921957
2025-11-17,Crypto Airdrops,0.0450565957623041
2025-11-17,Football / Soccer,0.002774921932999754
2025-11-17,Hockey,0.0054958309461890995
2025-11-17,Other,0.0046802523334522
2025-11-17,US Elections,0.0008320954278921657
2025-11-18,Basketball,0.001458178723500761
2025-11-18,Crypto Airdrops,0.04108047583585815
2025-11-18,Football / Soccer,0.0028628265807790535
2025-11-18,Hockey,0.005514824510664634
2025-11-18,Other,0.0048977643101846
2025-11-18,US Elections,0.0008298688853437558
2025-11-19,Basketball,0.0013280856341119566
2025-11-19,Crypto Airdrops,0.0324381717664769
2025-11-19,Football / Soccer,0.003099876987316269
2025-11-19,Hockey,0.0051431609292335
2025-11-19,Other,0.0050532874730948
2025-11-19,US Elections,0.0008269127397987657
2025-11-20,Basketball,0.0012631191536878609
2025-11-20,Crypto Airdrops,0.02817672658231585
2025-11-20,Football / Soccer,0.0031996649369473726
2025-11-20,Hockey,0.005156322216813867
2025-11-20,Other,0.02106728000658685
2025-11-20,US Elections,0.0007471517283636899
2025-11-21,Basketball,0.0011868865783565218
2025-11-21,Crypto Airdrops,0.0254731207475015
2025-11-21,Football / Soccer,0.003308731659791723
2025-11-21,Hockey,0.004933369415723367
2025-11-21,Other,0.02058924416572865
2025-11-21,US Elections,0.0008225066670222572
2025-11-22,Basketball,0.001260743399868661
2025-11-22,Crypto Airdrops,0.02623438816983225
2025-11-22,Football / Soccer,0.0032726735961272537
2025-11-22,Hockey,0.0036885997529546
2025-11-22,Other,0.019680395277139003
2025-11-22,US Elections,0.0007407214642449657
2025-11-23,Basketball,0.0012624663591862522
2025-11-23,Crypto Airdrops,0.02126631319744285
2025-11-23,Football / Soccer,0.0030322527265601346
2025-11-23,Hockey,0.0032258636265483
2025-11-23,Other,0.0169942319878766
2025-11-23,US Elections,0.00078156406470542
2025-11-24,Basketball,0.0012967410349196261
2025-11-24,Crypto Airdrops,0.0223052424665891
2025-11-24,Football / Soccer,0.0029149875680962653
2025-11-24,Hockey,0.0029750461799007664
2025-11-24,Other,0.018769120516373798
2025-11-24,US Elections,0.0007188819456872786
2025-11-25,Basketball,0.0014515828297721697
2025-11-25,Crypto Airdrops,0.0214596315631095
2025-11-25,Football / Soccer,0.002632459498137792
2025-11-25,Hockey,0.002793505768009866
2025-11-25,Other,0.01750854626513855
2025-11-25,US Elections,0.0007830172365318758
2025-11-26,Basketball,0.0014887933889979478
2025-11-26,Crypto Airdrops,0.0296565022012645
2025-11-26,Football / Soccer,0.0025865106933007195
2025-11-26,Hockey,0.0028812153702346666
2025-11-26,Other,0.02633586247069935
2025-11-26,US Elections,0.0007875367110044443
2025-11-27,Basketball,0.001527670519903052
2025-11-27,Crypto Airdrops,0.03133388623153735
2025-11-27,Crypto Corporate,0.0579121859206715
2025-11-27,Football / Soccer,0.00232929113938925
2025-11-27,Hockey,0.0028812439577414668
2025-11-27,Other,0.02703101564780635
2025-11-27,US Elections,0.0008273461566585914
2025-11-28,Basketball,0.0015284340110075132
2025-11-28,Crypto Airdrops,0.030615394785508898
2025-11-28,Crypto Corporate,0.043336058130886
2025-11-28,Football / Soccer,0.002236104588006977
2025-11-28,Hockey,0.003356332284336533
2025-11-28,Other,0.0270617720192159
2025-11-28,US Elections,0.0007962663364922814
2025-11-29,Basketball,0.0013925207396130262
2025-11-29,Crypto Airdrops,0.030310009238975047
2025-11-29,Crypto Corporate,0.020588933671636733
2025-11-29,Football / Soccer,0.002321049973266519
2025-11-29,Hockey,0.002646753625511767
2025-11-29,Other,0.0231877677614771
2025-11-29,US Elections,0.0007694609146405856
2025-11-30,Basketball,0.001661039612298013
2025-11-30,Crypto Airdrops,0.029634575653408747
2025-11-30,Crypto Corporate,0.0119301275323115
2025-11-30,Football / Soccer,0.0022652113090460115
2025-11-30,Hockey,0.0025520126796556002
2025-11-30,Other,0.02099520139984715
2025-11-30,US Elections,0.0008005347103881028
2025-12-01,Basketball,0.0015566158449011392
2025-12-01,Crypto Airdrops,0.02828958603791825
2025-12-01,Crypto Corporate,0.010004250442107834
2025-12-01,Football / Soccer,0.0022561308513136154
2025-12-01,Hockey,0.0023990086494387335
2025-12-01,Other,0.0248482703752576
2025-12-01,US Elections,0.0008541114945740186
2025-12-02,Basketball,0.001343066425435587
2025-12-02,Crypto Airdrops,0.0276906024683502
2025-12-02,Crypto Corporate,0.0399373016117326
2025-12-02,Football / Soccer,0.0024447824291886694
2025-12-02,Hockey,0.002126348382723967
2025-12-02,Other,0.02558748373573415
2025-12-02,US Elections,0.0008192363636218657
2025-12-03,Basketball,0.0014127576439533524
2025-12-03,Crypto Airdrops,0.0221992499022445
2025-12-03,Crypto Corporate,0.04661750378336574
2025-12-03,Football / Soccer,0.0024077417459332385
2025-12-03,Hockey,0.002330238983509067
2025-12-03,Other,0.01967203639828655
2025-12-03,US Elections,0.0008659483282771243
2025-12-04,Basketball,0.001438957923983439
2025-12-04,Crypto Airdrops,0.018625637598715702
2025-12-04,Crypto Corporate,0.047424997312830806
2025-12-04,Football / Soccer,0.00261564257909385
2025-12-04,Hockey,0.0026836054802745336
2025-12-04,Other,0.0293210906148064
2025-12-04,US Elections,0.0009570717196627001
2025-12-05,Basketball,0.0016754618088486912
2025-12-05,Crypto Airdrops,0.01524518818561085
2025-12-05,Crypto Corporate,0.04741228407215157
2025-12-05,Football / Soccer,0.0025642246773435883
2025-12-05,Hockey,0.0017499844487216
2025-12-05,Other,0.030510656135852403
2025-12-05,US Elections,0.0012057130207149087
2025-12-06,Basketball,0.0016114984960265955
2025-12-06,Crypto Airdrops,0.015414238761915899
2025-12-06,Crypto Corporate,0.05331425800569357
2025-12-06,Football / Soccer,0.0027254887669765308
2025-12-06,Hockey,0.0018935643517472669
2025-12-06,Other,0.0305087404688579
2025-12-06,US Elections,0.0013286703295263302
2025-12-07,Basketball,0.0013870982120585652
2025-12-07,Crypto Airdrops,0.01578342084498705
2025-12-07,Crypto Corporate,0.05329660699357467
2025-12-07,Football / Soccer,0.002773412255551123
2025-12-07,Hockey,0.0018188255363224667
2025-12-07,Other,0.03037660594614855
2025-12-07,US Elections,0.0013008614657396328
2025-12-08,Basketball,0.0013596272947707087
2025-12-08,Crypto Airdrops,0.01588295024266275
2025-12-08,Crypto Corporate,0.0531335414456508
2025-12-08,Football / Soccer,0.0027814232018101848
2025-12-08,Hockey,0.0018257041643376332
2025-12-08,Other,0.0299228006770369
2025-12-08,US Elections,0.0012953064684459027
2025-12-09,Basketball,0.0013167161746549
2025-12-09,Crypto Airdrops,0.0120942377967136
2025-12-09,Crypto Corporate,0.034646423392706634
2025-12-09,Football / Soccer,0.0025901541874125294
2025-12-09,Hockey,0.0018396216828481336
2025-12-09,Other,0.02956358585663445
2025-12-09,US Elections,0.0011627663794690599
2025-12-10,Basketball,0.0014089131082439957
2025-12-10,Crypto Airdrops,0.0095558901316197
2025-12-10,Crypto Corporate,0.023494185588585164
2025-12-10,Football / Soccer,0.0018970018300462172
2025-12-10,Hockey,0.0013974764936499002
2025-12-10,Other,0.02956358585663445
2025-12-10,US Elections,0.0011866999097518958
2025-12-11,Basketball,0.0013036132877879
2025-12-11,Crypto Airdrops,0.010815485046822448
2025-12-11,Crypto Corporate,0.0250981091216575
2025-12-11,Football / Soccer,0.001701056455390617
2025-12-11,Hockey,0.0011169517985134666
2025-12-11,Other,0.030395338794595602
2025-12-11,US Elections,0.0011853822152656786
2025-12-12,Basketball,0.0012316213934626392
2025-12-12,Crypto Airdrops,0.010151644476586251
2025-12-12,Crypto Corporate,0.0241423392511186
2025-12-12,Football / Soccer,0.001623933323232193
2025-12-12,Hockey,0.0011556831672102999
2025-12-12,Other,0.030331904409213403
2025-12-12,US Elections,0.0009734925854486257
2025-12-13,Basketball,0.0013014095601863087
2025-12-13,Crypto Airdrops,0.0104484667196869
2025-12-13,Crypto Corporate,0.016853151952109274
2025-12-13,Football / Soccer,0.0014095191032551587
2025-12-13,Hockey,0.0006644528918994666
2025-12-13,Other,0.030366091271718052
2025-12-13,US Elections,0.0008358514807731701
2025-12-14,Basketball,0.0013940799830113437
2025-12-14,Crypto Airdrops,0.013992305511919151
2025-12-14,Crypto Corporate,0.017723367276554425
2025-12-14,Football / Soccer,0.0013517159534806608
2025-12-14,Hockey,0.0006406236247470667
2025-12-14,Other,0.0270564034247329
2025-12-14,US Elections,0.0008470228400819714
2025-12-15,Basketball,0.001437280640182761
2025-12-15,Crypto Airdrops,0.014367584234267051
2025-12-15,Crypto Corporate,0.017772403941674078
2025-12-15,Football / Soccer,0.0012626903569602633
2025-12-15,Hockey,0.0006403487822424334
2025-12-15,Other,0.0266548728965437
2025-12-15,US Elections,0.0007773480273431814
2025-12-16,Basketball,0.0015028671932875216
2025-12-16,Crypto Airdrops,0.0146772918509522
2025-12-16,Crypto Corporate,0.0190333097472297
2025-12-16,Football / Soccer,0.0011265219394393075
2025-12-16,Hockey,0.0006443363676149333
2025-12-16,Other,0.0254252672980374
2025-12-16,US Elections,0.0008654517620333414
2025-12-17,Basketball,0.0014189496691770346
2025-12-17,Crypto Airdrops,0.016310876122799647
2025-12-17,Crypto Corporate,0.0185109637783678
2025-12-17,Football / Soccer,0.0012732179210242318
2025-12-17,Hockey,0.0011015058504275
2025-12-17,Other,0.02680950939553285
2025-12-17,US Elections,0.0009271665729835833
2025-12-18,Basketball,0.001506813730153
2025-12-18,Crypto Airdrops,0.0204689557827328
2025-12-18,Crypto Corporate,0.01473428192521725
2025-12-18,Football / Soccer,0.0012782154530038925
2025-12-18,Hockey,0.0021379024399614667
2025-12-18,Other,0.02178095436066375
2025-12-18,US Elections,0.0009181966630885763
2025-12-19,Basketball,0.0013961855273232912
2025-12-19,Crypto Airdrops,0.02144206743386745
2025-12-19,Crypto Corporate,0.014295876637074826
2025-12-19,Football / Soccer,0.0011825726394514536
2025-12-19,Hockey,0.0021457766477136
2025-12-19,Other,0.0132755356642148
2025-12-19,US Elections,0.0010011092862346862
2025-12-20,Basketball,0.001403123353772874
2025-12-20,Crypto Airdrops,0.0222052373102511
2025-12-20,Crypto Corporate,0.013087037937576675
2025-12-20,Football / Soccer,0.0011679116936265145
2025-12-20,Hockey,0.0021340258861619
2025-12-20,Other,0.01137709497599785
2025-12-20,US Elections,0.0010735871771459819
2025-12-21,Basketball,0.001476170499000587
2025-12-21,Crypto Airdrops,0.01860190300568185
2025-12-21,Crypto Corporate,0.0126693328409406
2025-12-21,Football / Soccer,0.0011310606819036537
2025-12-21,Hockey,0.0022661238658852334
2025-12-21,Other,0.0129575619841538
2025-12-21,US Elections,0.0010805207078953417
2025-12-22,Basketball,0.0015196340102187089
2025-12-22,Crypto Airdrops,0.033969946201601445
2025-12-22,Crypto Corporate,0.013206589689925951
2025-12-22,Football / Soccer,0.0011873595890506195
2025-12-22,Hockey,0.002344281256436867
2025-12-22,Other,0.0128916129688123
2025-12-22,US Elections,0.0010538837198380499
2025-12-23,Basketball,0.0013579397629545696
2025-12-23,Crypto Airdrops,0.03385402386761735
2025-12-23,Crypto Corporate,0.0093896748092188
2025-12-23,Football / Soccer,0.001098827162690178
2025-12-23,Hockey,0.0025159099672284334
2025-12-23,Other,0.0088636169245944
2025-12-23,US Elections,0.0009699440284262723
2025-12-24,Basketball,0.0013458186349054652
2025-12-24,Crypto Airdrops,0.03264019606137655
2025-12-24,Crypto Corporate,0.012383794499634925
2025-12-24,Football / Soccer,0.0007385818502153684
2025-12-24,Hockey,0.0022274140477868336
2025-12-24,Other,0.017052615161178647
2025-12-24,US Elections,0.0009124461142963001
2025-12-25,Basketball,0.0013636172994148
2025-12-25,Crypto Airdrops,0.0299904498147043
2025-12-25,Crypto Corporate,0.01240303266372145
2025-12-25,Football / Soccer,0.0005989340303527586
2025-12-25,Hockey,0.0012897957158548334
2025-12-25,Other,0.0170220424474446
2025-12-25,US Elections,0.0008695038397946403
2025-12-26,Basketball,0.0015054668291141695
2025-12-26,Crypto Airdrops,0.0280669618864745
2025-12-26,Crypto Corporate,0.011853636970182576
2025-12-26,Football / Soccer,0.0005755753440455293
2025-12-26,Hockey,0.0015148017320968665
2025-12-26,Other,0.0228041594499716
2025-12-26,US Elections,0.0008071109630101458
2025-12-27,Basketball,0.0014312096399171999
2025-12-27,Crypto Airdrops,0.027309200769305
2025-12-27,Crypto Corporate,0.011505726460049624
2025-12-27,Football / Soccer,0.0005641326093267024
2025-12-27,Hockey,0.0015323258104370334
2025-12-27,Other,0.02295323221802745
2025-12-27,US Elections,0.0008844525737696208
2025-12-28,Basketball,0.0013412149015249043
2025-12-28,Crypto Airdrops,0.0236259685604947
2025-12-28,Crypto Corporate,0.010688225989200426
2025-12-28,Football / Soccer,0.0006549705699192244
2025-12-28,Hockey,0.002394307259639067
2025-12-28,Other,0.022718633195189897
2025-12-28,US Elections,0.0008225250974886917
2025-12-29,Basketball,0.0013910704615285737
2025-12-29,Crypto Airdrops,0.0075882701041327
2025-12-29,Crypto Corporate,0.0102769044564114
2025-12-29,Football / Soccer,0.0005230187648017585
2025-12-29,Hockey,0.0023176842082083668
2025-12-29,Other,0.023082455177417048
2025-12-29,US Elections,0.0009155527749112598
2025-12-30,Basketball,0.0015167068172984174
2025-12-30,Crypto Airdrops,0.0075937161474308994
2025-12-30,Crypto Corporate,0.0107702344772406
2025-12-30,Football / Soccer,0.0006800928782595196
2025-12-30,Hockey,0.002054418604251833
2025-12-30,Other,0.02297505199587675
2025-12-30,US Elections,0.0008426695989825487
2025-12-31,Basketball,0.0017953253285361522
2025-12-31,Crypto Airdrops,0.01397000889816045
2025-12-31,Crypto Corporate,0.0094628989491168
2025-12-31,Football / Soccer,0.0008888854461065293
2025-12-31,Hockey,0.0022329261143464
2025-12-31,Other,0.01903740453675625
2025-12-31,US Elections,0.0008168827277212847
2026-01-01,Basketball,0.0019563742855882435
2026-01-01,Crypto Airdrops,0.03271297130378325
2026-01-01,Crypto Corporate,0.01084502400832615
2026-01-01,Football / Soccer,0.0008771258277557976
2026-01-01,Hockey,0.0023667121658323665
2026-01-01,Other,0.024644748631437702
2026-01-01,US Elections,0.0007925866498822583
2026-01-02,Basketball,0.0018284873779925305
2026-01-02,Crypto Airdrops,0.0521417197282462
2026-01-02,Crypto Corporate,0.017461393340317623
2026-01-02,Football / Soccer,0.0009380354602108146
2026-01-02,Hockey,0.0025480385131852
2026-01-02,Other,0.029405960665763353
2026-01-02,US Elections,0.000817162623426143
2026-01-03,Basketball,0.0017683444750439088
2026-01-03,Crypto Airdrops,0.05221716303358005
2026-01-03,Crypto Corporate,0.0170831199343641
2026-01-03,Football / Soccer,0.0009430997971226512
2026-01-03,Hockey,0.0021837879756686665
2026-01-03,Other,0.029405960665763353
2026-01-03,US Elections,0.0006604741797779653
2026-01-04,Basketball,0.0016342235556182738
2026-01-04,Crypto Airdrops,0.0522192740677874
2026-01-04,Crypto Corporate,0.019970108128467723
2026-01-04,Football / Soccer,0.0009194181953411952
2026-01-04,Hockey,0.0020217959161370996
2026-01-04,Other,0.03051638902503935
2026-01-04,US Elections,0.0007013625502131694
2026-01-05,Basketball,0.0016425376912345261
2026-01-05,Crypto Airdrops,0.05322829683539375
2026-01-05,Crypto Corporate,0.019029591685989874
2026-01-05,Football / Soccer,0.0009361606015377269
2026-01-05,Hockey,0.0020512663110591333
2026-01-05,Other,0.039797806222071165
2026-01-05,US Elections,0.0007746465631878708
2026-01-06,Basketball,0.0017555695481488304
2026-01-06,Crypto Airdrops,0.053317887307417905
2026-01-06,Crypto Corporate,0.0200646568634519
2026-01-06,Football / Soccer,0.0009609974836351292
2026-01-06,Hockey,0.0020087481178913
2026-01-06,Other,0.0398361046098037
2026-01-06,US Elections,0.0008842590760366389
2026-01-07,Basketball,0.0016126121514631695
2026-01-07,Crypto Airdrops,0.04509571364746314
2026-01-07,Crypto Corporate,0.022505743597234226
2026-01-07,Football / Soccer,0.0008659683808840171
2026-01-07,Hockey,0.0016217802169992666
2026-01-07,Other,0.0397983620185392
2026-01-07,US Elections,0.0008910808318551388
2026-01-08,Basketball,0.0014757502302386956
2026-01-08,Crypto Airdrops,0.042363046725574595
2026-01-08,Crypto Corporate,0.021688290289480775
2026-01-08,Football / Soccer,0.0009843566511234852
2026-01-08,Hockey,0.0016576409248111668
2026-01-08,Other,0.0392937822851215
2026-01-08,US Elections,0.000958080510552743
2026-01-09,Basketball,0.0014204170200390997
2026-01-09,Crypto Airdrops,0.044004133574874434
2026-01-09,Crypto Corporate,0.017093299300811274
2026-01-09,Football / Soccer,0.0009609195906744878
2026-01-09,Hockey,0.0016576409248111668
2026-01-09,Other,0.026999229399844865
2026-01-09,US Elections,0.0010510847072017168
2026-01-10,Basketball,0.0012867622351728696
2026-01-10,Crypto Airdrops,0.04420636016351073
2026-01-10,Crypto Corporate,0.01906876768276535
2026-01-10,Football / Soccer,0.0009627139278732439
2026-01-10,Hockey,0.0025073793719531004
2026-01-10,Other,0.027012165969945667
2026-01-10,US Elections,0.0011374760341179
2026-01-11,Basketball,0.0013512395018412478
2026-01-11,Crypto Airdrops,0.0471629986158671
2026-01-11,Crypto Corporate,0.01839410390662465
2026-01-11,Football / Soccer,0.0010924615552368561
2026-01-11,Hockey,0.0030193675346908335
2026-01-11,Other,0.026690075378818432
2026-01-11,US Elections,0.0011078866053828929
2026-01-12,Basketball,0.001290490311845987
2026-01-12,Crypto Airdrops,0.04676234854128897
2026-01-12,Crypto Corporate,0.018964850934274476
2026-01-12,Football / Soccer,0.001124247191873951
2026-01-12,Hockey,0.0042627468580471
2026-01-12,Other,0.026762310474168965
2026-01-12,US Elections,0.001041622029388154
2026-01-13,Basketball,0.0011958595035368306
2026-01-13,Crypto Airdrops,0.037192436961947434
2026-01-13,Crypto Corporate,0.0208552053907945
2026-01-13,Football / Soccer,0.0009364742487201926
2026-01-13,Hockey,0.005443930069321367
2026-01-13,Other,0.02486604580143087
2026-01-13,US Elections,0.0010475625328744333
2026-01-14,Basketball,0.0014200995792651911
2026-01-14,Crypto Airdrops,0.033890635400579495
2026-01-14,Crypto Corporate,0.020045009840191374
2026-01-14,Football / Soccer,0.0008632854560402683
2026-01-14,Hockey,0.005657979666632066
2026-01-14,Other,0.023849239640517935
2026-01-14,US Elections,0.0010303425750496625
2026-01-15,Basketball,0.0013842192861937476
2026-01-15,Crypto Airdrops,0.033462475079903464
2026-01-15,Crypto Corporate,0.018918013492574028
2026-01-15,Football / Soccer,0.0006244624323134049
2026-01-15,Hockey,0.005598848359198601
2026-01-15,Other,0.02269175246930047
2026-01-15,US Elections,0.0009889031661593417
2026-01-16,Basketball,0.0015861340634209435
2026-01-16,Crypto Airdrops,0.028990806476944467
2026-01-16,Crypto Corporate,0.018372413953923347
2026-01-16,Football / Soccer,0.0006140755882171244
2026-01-16,Hockey,0.005657792808550033
2026-01-16,Other,0.022910050631362967
2026-01-16,US Elections,0.0009138394970171402
2026-01-17,Basketball,0.0016355583698038393
2026-01-17,Crypto Airdrops,0.030311494128864202
2026-01-17,Crypto Corporate,0.018137972842216077
2026-01-17,Football / Soccer,0.000629439585343517
2026-01-17,Hockey,0.005509166182317733
2026-01-17,Other,0.021309715393056133
2026-01-17,US Elections,0.0008846099011911514
2026-01-18,Basketball,0.0015606327423700827
2026-01-18,Crypto Airdrops,0.025597266610536535
2026-01-18,Crypto Corporate,0.0231969526314293
2026-01-18,Football / Soccer,0.0005618625076167561
2026-01-18,Hockey,0.0053200021154269994
2026-01-18,Other,0.022223317463598468
2026-01-18,US Elections,0.0008708233295615764
2026-01-19,Basketball,0.0015049109894496391
2026-01-19,Crypto Airdrops,0.023778724244399002
2026-01-19,Crypto Corporate,0.023318026639386223
2026-01-19,Football / Soccer,0.0004436768144348926
2026-01-19,Hockey,0.0041979841580276
2026-01-19,Other,0.02214744916487223
2026-01-19,US Elections,0.0008485767307710042
2026-01-20,Basketball,0.0015030237894549348
2026-01-20,Crypto Airdrops,0.0249698313080919
2026-01-20,Crypto Corporate,0.021350365928596224
2026-01-20,Football / Soccer,0.00044985229021296834
2026-01-20,Hockey,0.0025177793998006335
2026-01-20,Other,0.025053747657475468
2026-01-20,US Elections,0.0008588492734444111
2026-01-21,Basketball,0.0014768646802541085
2026-01-21,Crypto Airdrops,0.022725106412331098
2026-01-21,Crypto Corporate,0.02124188090275065
2026-01-21,Football / Soccer,0.0004555715985085097
2026-01-21,Hockey,0.0019880215550485665
2026-01-21,Other,0.033345476463874237
2026-01-21,US Elections,0.0009151556097504415
2026-01-22,Basketball,0.0014306371646599348
2026-01-22,Crypto Airdrops,0.0227641098252621
2026-01-22,Crypto Corporate,0.023073154954568326
2026-01-22,Football / Soccer,0.00044455954773034635
2026-01-22,Hockey,0.0027711663894349338
2026-01-22,Other,0.03333351358423176
2026-01-22,US Elections,0.0009366531802590805
2026-01-23,Basketball,0.0014025876773721608
2026-01-23,Crypto Airdrops,0.026769520153218467
2026-01-23,Crypto Corporate,0.023401144519645027
2026-01-23,Football / Soccer,0.0004046845180691464
2026-01-23,Hockey,0.0036312572554913
2026-01-23,Other,0.03366916250680533
2026-01-23,US Elections,0.0008775038825973515
2026-01-24,Basketball,0.0013537737572479958
2026-01-24,Crypto Airdrops,0.026237735076466432
2026-01-24,Crypto Corporate,0.023191426343116026
2026-01-24,Football / Soccer,0.0004613538256403756
2026-01-24,Hockey,0.00476713683499
2026-01-24,Other,0.03494277614125204
2026-01-24,US Elections,0.0008460705812511986
2026-01-25,Basketball,0.001376255425814013
2026-01-25,Crypto Airdrops,0.0273699761882568
2026-01-25,Crypto Corporate,0.022053823597998352
2026-01-25,Football / Soccer,0.00040370133498185607
2026-01-25,Hockey,0.0052069891799222
2026-01-25,Other,0.03548045293790657
2026-01-25,US Elections,0.0008922184667315263
2026-01-26,Basketball,0.0014172902262227088
2026-01-26,Crypto Airdrops,0.030371442000460835
2026-01-26,Crypto Corporate,0.017819312505605672
2026-01-26,Football / Soccer,0.0004037316479009586
2026-01-26,Hockey,0.005751223535232033
2026-01-26,Other,0.035452376308361705
2026-01-26,US Elections,0.0008935496182299611
2026-01-27,Basketball,0.0014061627953816651
2026-01-27,Crypto Airdrops,0.0282431721693851
2026-01-27,Crypto Corporate,0.020186296666100424
2026-01-27,Football / Soccer,0.0003676253372479634
2026-01-27,Hockey,0.0056740011274139
2026-01-27,Other,0.037427943369258504
2026-01-27,US Elections,0.0008469543303360806
2026-01-28,Basketball,0.0012895618209883045
2026-01-28,Crypto Airdrops,0.027790643759896833
2026-01-28,Crypto Corporate,0.01983880015315285
2026-01-28,Football / Soccer,0.00034844348033089267
2026-01-28,Hockey,0.005709597441676599
2026-01-28,Other,0.0306613353049066
2026-01-28,US Elections,0.0008178207614142333
2026-01-29,Basketball,0.0014245359669113218
2026-01-29,Crypto Airdrops,0.026839720953073465
2026-01-29,Crypto Corporate,0.0140554723405029
2026-01-29,Football / Soccer,0.00041673961405298783
2026-01-29,Hockey,0.005552488157746367
2026-01-29,Other,0.024217738704202033
2026-01-29,US Elections,0.0009026868617099138
2026-01-30,Basketball,0.0014972093169145176
2026-01-30,Crypto Airdrops,0.020772075453374464
2026-01-30,Crypto Corporate,0.01366315428596055
2026-01-30,Football / Soccer,0.00043914074385979513
2026-01-30,Hockey,0.005005902021575067
2026-01-30,Other,0.024146708204792967
2026-01-30,US Elections,0.0009337658503837779
2026-01-31,Basketball,0.001517400669702639
2026-01-31,Crypto Airdrops,0.0263709073698878
2026-01-31,Crypto Corporate,0.013945481394074
2026-01-31,Football / Soccer,0.0003263152739321244
2026-01-31,Hockey,0.004089166209496733
2026-01-31,Other,0.022078764700602202
2026-01-31,US Elections,0.0009177798494037375
2026-02-01,Basketball,0.001658914277671526
2026-02-01,Crypto Airdrops,0.0273012282008761
2026-02-01,Crypto Corporate,0.021071683420696825
2026-02-01,Football / Soccer,0.0004183216430601732
2026-02-01,Hockey,0.0043703274359663665
2026-02-01,Other,0.0229109241514725
2026-02-01,US Elections,0.0009228665783459154
2026-02-02,Basketball,0.0016774140302627696
2026-02-02,Crypto Airdrops,0.0391739578983157
2026-02-02,Crypto Corporate,0.023534824168901902
2026-02-02,Football / Soccer,0.00042267960178962683
2026-02-02,Hockey,0.005185789283116966
2026-02-02,Other,0.0229160453846306
2026-02-02,US Elections,0.0009620861002655778
2026-02-03,Basketball,0.001735927632641674
2026-02-03,Crypto Airdrops,0.04770780706270857
2026-02-03,Crypto Corporate,0.022889211383318626
2026-02-03,Football / Soccer,0.00043395105026678294
2026-02-03,Hockey,0.005156433161922333
2026-02-03,Other,0.0173668549088326
2026-02-03,US Elections,0.000982325092736175
2026-02-04,Basketball,0.0017620897853203262
2026-02-04,Crypto Airdrops,0.04385342923024377
2026-02-04,Crypto Corporate,0.02438921840806015
2026-02-04,Football / Soccer,0.0004479127555596903
2026-02-04,Hockey,0.005249081490892634
2026-02-04,Other,0.018061078658295333
2026-02-04,US Elections,0.0010122781883908514
2026-02-05,Basketball,0.0018960530418829261
2026-02-05,Crypto Airdrops,0.044002614571865405
2026-02-05,Crypto Corporate,0.024433668938548852
2026-02-05,Football / Soccer,0.00037552771370604637
2026-02-05,Hockey,0.0051862112806872
2026-02-05,Other,0.018935767967017667
2026-02-05,US Elections,0.0009041156595671791
2026-02-06,Basketball,0.001882393027791061
2026-02-06,Crypto Airdrops,0.044002614571865405
2026-02-06,Crypto Corporate,0.02498085481666525
2026-02-06,Football / Soccer,0.0004932869063122195
2026-02-06,Hockey,0.005066880739003067
2026-02-06,Other,0.02015371018004743
2026-02-06,US Elections,0.0010285742360000999
2026-02-07,Basketball,0.0017633628391126304
2026-02-07,Crypto Airdrops,0.0426580765890738
2026-02-07,Crypto Corporate,0.025318376596707774
2026-02-07,Football / Soccer,0.0005356467847827097
2026-02-07,Hockey,0.005167946590056033
2026-02-07,Other,0.022887372544939433
2026-02-07,US Elections,0.0010509312263344485
2026-02-08,Basketball,0.0017735856824197783
2026-02-08,Crypto Airdrops,0.0432085610093965
2026-02-08,Crypto Corporate,0.01940575560654515
2026-02-08,Football / Soccer,0.0004639657812240341
2026-02-08,Hockey,0.003620744172098933
2026-02-08,Other,0.020324998560543702
2026-02-08,US Elections,0.0010565701671568515
2026-02-09,Basketball,0.0018391762631062086
2026-02-09,Crypto Airdrops,0.0432085610093965
2026-02-09,Crypto Corporate,0.018294250575423873
2026-02-09,Football / Soccer,0.000557860885454244
2026-02-09,Hockey,0.0024717986082584335
2026-02-09,Other,0.026780082428545904
2026-02-09,US Elections,0.001009049597949179
2026-02-10,Basketball,0.0017102272828879478
2026-02-10,Crypto Airdrops,0.04346044025429913
2026-02-10,Crypto Corporate,0.018070938319641076
2026-02-10,Football / Soccer,0.0005723104962960658
2026-02-10,Hockey,0.0023511226632776335
2026-02-10,Other,0.028371442185085038
2026-02-10,US Elections,0.001021179810050828
2026-02-11,Basketball,0.0015572613694231521
2026-02-11,Crypto Airdrops,0.0431068010013263
2026-02-11,Crypto Corporate,0.016501731989476475
2026-02-11,Football / Soccer,0.000603363248601861
2026-02-11,Hockey,0.0019528164438810001
2026-02-11,Other,0.030378245254902767
2026-02-11,US Elections,0.00105118871089144
2026-02-12,Basketball,0.0013672555573625783
2026-02-12,Crypto Airdrops,0.04887570790943374
2026-02-12,Crypto Corporate,0.015628476989711024
2026-02-12,Football / Soccer,0.0006194421280157756
2026-02-12,Hockey,0.0019358084867451334
2026-02-12,Other,0.035842290797758136
2026-02-12,US Elections,0.0010550632967961042
2026-02-13,Basketball,0.001345853139861961
2026-02-13,Crypto Airdrops,0.048244703819695804
2026-02-13,Crypto Corporate,0.01984404218652
2026-02-13,Football / Soccer,0.0005219223853342292
2026-02-13,Hockey,0.0018643016579866
2026-02-13,Other,0.04115659584115427
2026-02-13,US Elections,0.0008439725069600874
2026-02-14,Basketball,0.0012636597918817478
2026-02-14,Crypto Airdrops,0.04919391117924963
2026-02-14,Crypto Corporate,0.020827675792410325
2026-02-14,Football / Soccer,0.0006381113021368269
2026-02-14,Hockey,0.0019016249987979332
2026-02-14,Other,0.04102526949353787
2026-02-14,US Elections,0.0008972083185235639
2026-02-15,Basketball,0.001153786999211087
2026-02-15,Crypto Airdrops,0.0475599836130006
2026-02-15,Crypto Corporate,0.019888615660314322
2026-02-15,Football / Soccer,0.0006050141956680658
2026-02-15,Hockey,0.0022767574693002336
2026-02-15,Other,0.0408785340212561
2026-02-15,US Elections,0.0008192325393221278
2026-02-16,Basketball,0.0010213353933706479
2026-02-16,Crypto Airdrops,0.047498392766600166
2026-02-16,Crypto Corporate,0.01859230948601
2026-02-16,Football / Soccer,0.0005049333910736927
2026-02-16,Hockey,0.0023322797778778668
2026-02-16,Other,0.0408284604486151
2026-02-16,US Elections,0.0008722490641575932
2026-02-17,Basketball,0.0010357309784932956
2026-02-17,Crypto Airdrops,0.0405790989184707
2026-02-17,Crypto Corporate,0.017726900923218977
2026-02-17,Football / Soccer,0.0005397212698030318
2026-02-17,Hockey,0.0023750639389658336
2026-02-17,Other,0.04054188142658804
2026-02-17,US Elections,0.0008954782737468195
2026-02-18,Basketball,0.0009836920348355175
2026-02-18,Crypto Airdrops,0.04121793215926197
2026-02-18,Crypto Corporate,0.018715777968728625
2026-02-18,Football / Soccer,0.0005135007165998048
2026-02-18,Hockey,0.0023802084133743334
2026-02-18,Other,0.032453987675562006
2026-02-18,US Elections,0.0008207597204962375
2026-02-19,Basketball,0.0009453416426250955
2026-02-19,Crypto Airdrops,0.040309405443869635
2026-02-19,Crypto Corporate,0.02058305665919555
2026-02-19,Football / Soccer,0.0005866830647552097
2026-02-19,Hockey,0.0023938293173880335
2026-02-19,Other,0.02656987751842217
2026-02-19,US Elections,0.0007324605997345556
2026-02-20,Basketball,0.0010102412454387696
2026-02-20,Crypto Airdrops,0.03672170789702777
2026-02-20,Crypto Corporate,0.01795177756082375
2026-02-20,Football / Soccer,0.0006229858640616
2026-02-20,Hockey,0.0020463567377152
2026-02-20,Other,0.0260503833582597
2026-02-20,US Elections,0.0007299404225886833
2026-02-21,Basketball,0.0012036837997372043
2026-02-21,Crypto Airdrops,0.035953566753811665
2026-02-21,Crypto Corporate,0.01705417669536645
2026-02-21,Football / Soccer,0.0007095296512549854
2026-02-21,Hockey,0.0021889759429381665
2026-02-21,Other,0.0295784753043518
2026-02-21,US Elections,0.0007634981812583681
2026-02-22,Basketball,0.0013269491302294783
2026-02-22,Crypto Airdrops,0.036598801547642834
2026-02-22,Crypto Corporate,0.01986766699052895
2026-02-22,Football / Soccer,0.0007352722115927097
2026-02-22,Hockey,0.0018293453528395668
2026-02-22,Other,0.0295350890650657
2026-02-22,US Elections,0.0007405621583192861
2026-02-23,Basketball,0.0013387549983103042
2026-02-23,Crypto Airdrops,0.037451451300729535
2026-02-23,Crypto Corporate,0.019550000895120274
2026-02-23,Football / Soccer,0.0007765815025686098
2026-02-23,Hockey,0.0028948895169224
2026-02-23,Other,0.0297207408950259
2026-02-23,US Elections,0.0006841444202042958
2026-02-24,Basketball,0.0013181921106092218
2026-02-24,Crypto Airdrops,0.040363202331521734
2026-02-24,Crypto Corporate,0.019835051367514876
2026-02-24,Football / Soccer,0.0007637836247806098
2026-02-24,Hockey,0.003661649367677733
2026-02-24,Other,0.031179500438742336
2026-02-24,US Elections,0.0008249701102927986
2026-02-25,Basketball,0.0018391295616353566
2026-02-25,Crypto Airdrops,0.038290279729000266
2026-02-25,Crypto Corporate,0.02000305233107135
2026-02-25,Football / Soccer,0.0007965063631439976
2026-02-25,Hockey,0.003663846008627867
2026-02-25,Other,0.028997087381321233
2026-02-25,US Elections,0.0009103752275596764
2026-02-26,Basketball,0.001977816335895139
2026-02-26,Crypto Airdrops,0.038290279729000266
2026-02-26,Crypto Corporate,0.01641233601452995
2026-02-26,Football / Soccer,0.0006932192529753439
2026-02-26,Hockey,0.0047348263516517
2026-02-26,Other,0.030255362036869668
2026-02-26,US Elections,0.000999557818615918
2026-02-27,Basketball,0.0018585307195663695
2026-02-27,Crypto Airdrops,0.0439780792174308
2026-02-27,Crypto Corporate,0.01581820939964415
2026-02-27,Football / Soccer,0.000682769129350817
2026-02-27,Hockey,0.005457450997053966
2026-02-27,Other,0.032228897548505366
2026-02-27,US Elections,0.0010393013111306385
2026-02-28,Basketball,0.0017341294543114958
2026-02-28,Crypto Airdrops,0.044791073138897235
2026-02-28,Crypto Corporate,0.016494175423290024
2026-02-28,Football / Soccer,0.0006037729949615097
2026-02-28,Hockey,0.005451281763154167
2026-02-28,Other,0.0330873117323102
2026-02-28,US Elections,0.0010331091620618123
2026-03-01,Basketball,0.0015953881638696653
2026-03-01,Crypto Airdrops,0.04432796911040734
2026-03-01,Crypto Corporate,0.014631336876809125
2026-03-01,Football / Soccer,0.0005791687489434024
2026-03-01,Hockey,0.0054402509750555
2026-03-01,Other,0.033608172636749034
2026-03-01,US Elections,0.0010922608501357726
2026-03-02,Basketball,0.0017103637528001218
2026-03-02,Crypto Airdrops,0.042862185208457304
2026-03-02,Crypto Corporate,0.014358688488117975
2026-03-02,Football / Soccer,0.0006049457830581609
2026-03-02,Hockey,0.0047809562466153
2026-03-02,Other,0.033679979565282764
2026-03-02,US Elections,0.0010829381441460862
2026-03-03,Basketball,0.001900621367180835
2026-03-03,Crypto Airdrops,0.03661507584441707
2026-03-03,Crypto Corporate,0.01632117072050205
2026-03-03,Football / Soccer,0.0005321360180677512
2026-03-03,Hockey,0.0044554028714537
2026-03-03,Other,0.02009155908450633
2026-03-03,US Elections,0.0009408372273405766
2026-03-04,Basketball,0.0016956516955349216
2026-03-04,Crypto Airdrops,0.03611676447016733
2026-03-04,Crypto Corporate,0.0162694697497008
2026-03-04,Football / Soccer,0.000515262242386817
2026-03-04,Hockey,0.004517223066221333
2026-03-04,Other,0.019196298051004968
2026-03-04,US Elections,0.0009778953811845849
2026-03-05,Basketball,0.0014858072721099043
2026-03-05,Crypto Airdrops,0.03918673970137963
2026-03-05,Crypto Corporate,0.0212106458839458
2026-03-05,Football / Soccer,0.0006154975157567829
2026-03-05,Hockey,0.0030155910022243333
2026-03-05,Other,0.01961916411588087
2026-03-05,US Elections,0.000930786156761867
2026-03-06,Basketball,0.0015668538219468086
2026-03-06,Crypto Airdrops,0.0375895217021902
2026-03-06,Crypto Corporate,0.021541299947384226
2026-03-06,Football / Soccer,0.0006347253320080146
2026-03-06,Hockey,0.0018310324285376667
2026-03-06,Other,0.015378685952246568
2026-03-06,US Elections,0.0009407529931288904
2026-03-07,Basketball,0.0015539489909417695
2026-03-07,Crypto Airdrops,0.03941197186919087
2026-03-07,Crypto Corporate,0.020869820644037574
2026-03-07,Football / Soccer,0.000607342833270383
2026-03-07,Hockey,0.0036530408780692664
2026-03-07,Other,0.012363043796311033
2026-03-07,US Elections,0.0009678154162934753
2026-03-08,Basketball,0.0018493184514959129
2026-03-08,Crypto Airdrops,0.0400650434766541
2026-03-08,Crypto Corporate,0.0255521970808746
2026-03-08,Football / Soccer,0.0005767803039860731
2026-03-08,Hockey,0.0038584297567742336
2026-03-08,Other,0.012376701816642069
2026-03-08,US Elections,0.0010530653954457453
2026-03-09,Basketball,0.001754884097650239
2026-03-09,Crypto Airdrops,0.0349994305464335
2026-03-09,Crypto Corporate,0.025107607827702976
2026-03-09,Football / Soccer,0.0004833643687141097
2026-03-09,Hockey,0.0041440772770008
2026-03-09,Other,0.0119805254450249
2026-03-09,US Elections,0.0011284959475595549
2026-03-10,Basketball,0.0015536362192428912
2026-03-10,Crypto Airdrops,0.03469083779382676
2026-03-10,Crypto Corporate,0.023592311490369475
2026-03-10,Football / Soccer,0.0004432643661606878
2026-03-10,Hockey,0.004952390001727
2026-03-10,Other,0.012199569206392402
2026-03-10,US Elections,0.0011283829028819535
2026-03-11,Basketball,0.0014695412779088218
2026-03-11,Crypto Airdrops,0.03224142578363007
2026-03-11,Crypto Corporate,0.025322398564746825
2026-03-11,Football / Soccer,0.0004346320728144
2026-03-11,Hockey,0.005287927329604367
2026-03-11,Other,0.012203268441365968
2026-03-11,US Elections,0.0012173075736555577
2026-03-12,Basketball,0.0013694662072100045
2026-03-12,Crypto Airdrops,0.032282201595803535
2026-03-12,Crypto Corporate,0.0204616110060984
2026-03-12,Football / Soccer,0.00034943313494994636
2026-03-12,Hockey,0.005930113540375166
2026-03-12,Other,0.009522770973409632
2026-03-12,US Elections,0.001200920774310774
2026-03-13,Basketball,0.0013367572416586398
2026-03-13,Crypto Airdrops,0.029019713059588465
2026-03-13,Crypto Corporate,0.020272964978056425
2026-03-13,Football / Soccer,0.0003211281826292756
2026-03-13,Hockey,0.0059556931893843005
2026-03-13,Other,0.009740262487589834
2026-03-13,US Elections,0.0011490802354122383
2026-03-14,Basketball,0.001340456948364558
2026-03-14,Crypto Airdrops,0.033939580245659594
2026-03-14,Crypto Corporate,0.0209241826564116
2026-03-14,Football / Soccer,0.0003058110563155683
2026-03-14,Hockey,0.004983509904747033
2026-03-14,Other,0.006883649374976167
2026-03-14,US Elections,0.0011337703789412795
2026-03-15,Basketball,0.0009882544942336894
2026-03-15,Crypto Airdrops,0.031895619103240666
2026-03-15,Crypto Corporate,0.0207609918868343
2026-03-15,Football / Soccer,0.0002731872643952366
2026-03-15,Hockey,0.004506978621075967
2026-03-15,Other,0.007852523867384767
2026-03-15,US Elections,0.0010368268632763166
2026-03-16,Basketball,0.0010308676463548264
2026-03-16,Crypto Airdrops,0.026822064695891268
2026-03-16,Crypto Corporate,0.0201086701532736
2026-03-16,Football / Soccer,0.0002421561759391366
2026-03-16,Hockey,0.0044588535505939
2026-03-16,Other,0.007883018855565267
2026-03-16,US Elections,0.0009198729714688658
2026-03-17,Basketball,0.0009978029978665052
2026-03-17,Crypto Airdrops,0.0338364227721426
2026-03-17,Crypto Corporate,0.0212388572625434
2026-03-17,Football / Soccer,0.0003263245654984585
2026-03-17,Hockey,0.004138684428703433
2026-03-17,Other,0.018232975045120132
2026-03-17,US Elections,0.0010158881095826138
2026-03-18,Basketball,0.0009550944710892105
2026-03-18,Crypto Airdrops,0.034058796585739064
2026-03-18,Crypto Corporate,0.020009731088770424
2026-03-18,Football / Soccer,0.00033930557644017313
2026-03-18,Hockey,0.003135076124816533
2026-03-18,Other,0.019202298363710832
2026-03-18,US Elections,0.0008559453517095014
2026-03-19,Basketball,0.0008213309506532473
2026-03-19,Crypto Airdrops,0.037693535034871335
2026-03-19,Crypto Corporate,0.021074204587099802
2026-03-19,Football / Soccer,0.00032327404577502924
2026-03-19,Hockey,0.0027383703271334336
2026-03-19,Other,0.018753956212818033
2026-03-19,US Elections,0.0008651328105926617
2026-03-20,Basketball,0.0014666147324839665
2026-03-20,Crypto Airdrops,0.040011049284124196
2026-03-20,Crypto Corporate,0.021556343898238677
2026-03-20,Football / Soccer,0.00036054924175377313
2026-03-20,Hockey,0.002449965100748933
2026-03-20,Other,0.0237254575143134
2026-03-20,US Elections,0.0009437515162156056
2026-03-21,Basketball,0.002124641478804
2026-03-21,Crypto Airdrops,0.03860674256151327
2026-03-21,Crypto Corporate,0.02078054240844615
2026-03-21,Football / Soccer,0.0003519269727461561
2026-03-21,Hockey,0.0035060577473894003
2026-03-21,Other,0.024561969564592567
2026-03-21,US Elections,0.000928553284851585
2026-03-22,Basketball,0.0022557811036363444
2026-03-22,Crypto Airdrops,0.03907585199552533
2026-03-22,Crypto Corporate,0.020766290347116526
2026-03-22,Football / Soccer,0.00035288644089475366
2026-03-22,Hockey,0.003495428391645333
2026-03-22,Other,0.02542688215525157
2026-03-22,US Elections,0.0009225265438625192
2026-03-23,Basketball,0.002322261588251011
2026-03-23,Crypto Airdrops,0.038999273982807836
2026-03-23,Crypto Corporate,0.0218996126813813
2026-03-23,Football / Soccer,0.0003684091741409488
2026-03-23,Hockey,0.004341095960311834
2026-03-23,Other,0.0270580660839842
2026-03-23,US Elections,0.000962713298887778
2026-03-24,Basketball,0.0023284542541606667
2026-03-24,Crypto Airdrops,0.033568457987563534
2026-03-24,Crypto Corporate,0.0197842123129618
2026-03-24,Football / Soccer,0.00032861186779109997
2026-03-24,Hockey,0.0058683346934505
2026-03-24,Other,0.014790564709465
2026-03-24,US Elections,0.0008707326888094931
2026-03-25,Basketball,0.002625486059353
2026-03-25,Crypto Airdrops,0.03318709765350857
2026-03-25,Crypto Corporate,0.020454970726218102
2026-03-25,Football / Soccer,0.0003242077873694171
2026-03-25,Hockey,0.0060270012599609
2026-03-25,Other,0.014795951645846567
2026-03-25,US Elections,0.0008394486136632137
2026-03-26,Basketball,0.0028455482565069375
2026-03-26,Crypto Airdrops,0.02597534374883127
2026-03-26,Crypto Corporate,0.020445570073661476
2026-03-26,Football / Soccer,0.0003268013270650756
2026-03-26,Hockey,0.0055545456495268
2026-03-26,Other,0.01678768792744
2026-03-26,US Elections,0.0007886203690916754
2026-03-27,Basketball,0.0025296399836253736
2026-03-27,Crypto Airdrops,0.0236808243055588
2026-03-27,Crypto Corporate,0.02030788059532865
2026-03-27,Football / Soccer,0.0004022484249228707
2026-03-27,Hockey,0.0094061783140758
2026-03-27,Other,0.020990373503968568
2026-03-27,US Elections,0.0007768516008826809
2026-03-28,Basketball,0.002009708412359387
2026-03-28,Crypto Airdrops,0.023752838827579167
2026-03-28,Crypto Corporate,0.0244873886137468
2026-03-28,Football / Soccer,0.0004703295133053317
2026-03-28,Hockey,0.0101053969550457
2026-03-28,Other,0.021844611296950034
2026-03-28,US Elections,0.0007449085893064068
2026-03-29,Basketball,0.0017791890154809573
2026-03-29,Crypto Airdrops,0.028021705697277435
2026-03-29,Crypto Corporate,0.023500821873809433
2026-03-29,Football / Soccer,0.000477091669163922
2026-03-29,Hockey,0.0100652632260425
2026-03-29,Other,0.022384497549977633
2026-03-29,US Elections,0.0007363407170720754
2026-03-30,Basketball,0.0017576624562805928
2026-03-30,Crypto Airdrops,0.02822363435466847
2026-03-30,Crypto Corporate,0.020645462537083333
2026-03-30,Football / Soccer,0.00046123813560629517
2026-03-30,Hockey,0.0080022318315401
2026-03-30,Other,0.022515492480786232
2026-03-30,US Elections,0.0006933319584403356
2026-03-31,Basketball,0.0016772417339259715
2026-03-31,Crypto Airdrops,0.028370099874872063
2026-03-31,Crypto Corporate,0.016366968782574435
2026-03-31,Football / Soccer,0.0004636837451116415
2026-03-31,Hockey,0.0080022318315401
2026-03-31,Other,0.02289074508771853
2026-03-31,US Elections,0.000630116994574626
2026-04-01,Basketball,0.0014443277945770214
2026-04-01,Crypto Airdrops,0.02667481418076087
2026-04-01,Crypto Corporate,0.0061547107031041
2026-04-01,Football / Soccer,0.0004432472486985634
2026-04-01,Hockey,0.0072036696997334
2026-04-01,Other,0.021791629359445768
2026-04-01,US Elections,0.0005865123255711698
2026-04-02,Basketball,0.0014052410118584571
2026-04-02,Crypto Airdrops,0.0243127631963443
2026-04-02,Crypto Corporate,0.0035580865353005003
2026-04-02,Football / Soccer,0.00041140303147845127
2026-04-02,Hockey,0.0069445079362177
2026-04-02,Other,0.0189581936105177
2026-04-02,US Elections,0.0005073716339600603
2026-04-03,Basketball,0.0011362108673737715
2026-04-03,Crypto Airdrops,0.023435968685060565
2026-04-03,Crypto Corporate,0.0020788046015512
2026-04-03,Football / Soccer,0.0002936370421611878
2026-04-03,Hockey,0.0069032428542506
2026-04-03,Other,0.014055558221724334
2026-04-03,US Elections,0.0003792652288100685
2026-04-04,Basketball,0.0008792194727156073
2026-04-04,Crypto Airdrops,0.015827058309523
2026-04-04,Crypto Corporate,0.0
2026-04-04,Football / Soccer,0.00019463882563245364
2026-04-04,Hockey,0.0016938263249366
2026-04-04,Other,0.008551310804976266
2026-04-04,US Elections,0.0003045672206042671
2026-04-05,Basketball,0.0011916772746901714
2026-04-05,Crypto Airdrops,0.022827089383173734
2026-04-05,Crypto Corporate,0.016315466418231766
2026-04-05,Football / Soccer,0.0006283750194256731
2026-04-05,Hockey,0.0014920423841805
2026-04-05,Other,0.007863414383268166
2026-04-05,US Elections,0.00036797718064389727
2026-04-06,Basketball,0.00101882076584825
2026-04-06,Crypto Airdrops,0.0218390955976631
2026-04-06,Crypto Corporate,0.016315466418231766
2026-04-06,Football / Soccer,0.0006239362416092098
2026-04-06,Hockey,0.0014920423841805
2026-04-06,Other,0.0064579428474530005
2026-04-06,US Elections,0.00035822899312996985
2026-04-07,Basketball,0.0016381178010002786
2026-04-07,Crypto Airdrops,0.021671712810080335
2026-04-07,Crypto Corporate,0.016315466418231766
2026-04-07,Football / Soccer,0.0005953607142028391
2026-04-07,Hockey,0.0001889822365065
2026-04-07,Other,0.009225185396932734
2026-04-07,US Elections,0.0003065920954726534
2026-04-08,Basketball,0.0015103045761181715
2026-04-08,Crypto Airdrops,0.018016306546773
2026-04-08,Crypto Corporate,0.016315466418231766
2026-04-08,Football / Soccer,0.0005572361730571881
2026-04-08,Hockey,0.0001889822365065
2026-04-08,Other,0.009276492375983967
2026-04-08,US Elections,0.0002702060328231082
2026-04-09,Basketball,0.002409831809158536
2026-04-09,Crypto Airdrops,0.0202990649117267
2026-04-09,Crypto Corporate,0.022555750181663503
2026-04-09,Football / Soccer,0.0006966061790324114
2026-04-09,Hockey,0.0020788046015509
2026-04-09,Other,0.0106689869164174
2026-04-09,US Elections,0.0007759456586437876
2026-04-10,Basketball,0.002409831809158536
2026-04-10,Crypto Airdrops,0.0202990649117267
2026-04-10,Crypto Corporate,0.022555750181663503
2026-04-10,Football / Soccer,0.0006918607757514751
2026-04-10,Hockey,0.0020788046015509
2026-04-10,Other,0.0106689869164174
2026-04-10,US Elections,0.0007514830757411466
2026-04-11,Basketball,0.002409831809158536
2026-04-11,Crypto Airdrops,0.0202990649117267
2026-04-11,Crypto Corporate,0.022555750181663503
2026-04-11,Football / Soccer,0.0007006317323156818
2026-04-11,Hockey,0.0020788046015509
2026-04-11,Other,0.0106689869164174
2026-04-11,US Elections,0.000752844756040937
2026-04-12,Basketball,0.0024213364931882286
2026-04-12,Crypto Airdrops,0.013442282972712166
2026-04-12,Crypto Corporate,0.022842079099059064
2026-04-12,Football / Soccer,0.00039590513524688183
2026-04-12,Hockey,0.0020788046015509
2026-04-12,Other,0.010318947301982634
2026-04-12,US Elections,0.0006898904222624508
2026-04-13,Basketball,0.002413352053019107
2026-04-13,Crypto Airdrops,0.013442282972712166
2026-04-13,Crypto Corporate,0.022842079099059064
2026-04-13,Football / Soccer,0.0006198606055571068
2026-04-13,Hockey,0.0020788046015509
2026-04-13,Other,0.010318947301982634
2026-04-13,US Elections,0.0006907960357793343
2026-04-14,Basketball,0.0016848973676553212
2026-04-14,Crypto Airdrops,0.013442282972712166
2026-04-14,Crypto Corporate,0.022842079099059064
2026-04-14,Football / Soccer,0.0006020792147590158
2026-04-14,Hockey,0.0020788046015509
2026-04-14,Other,0.005279420995192934
2026-04-14,US Elections,0.0006690953517971165
2026-04-15,Basketball,0.0017604947522332573
2026-04-15,Crypto Airdrops,0.013442282972712166
2026-04-15,Crypto Corporate,0.022842079099059064
2026-04-15,Football / Soccer,0.0006205407977091205
2026-04-15,Hockey,0.0020788046015509
2026-04-15,Other,0.005279420995192934
2026-04-15,US Elections,0.0006803069817076534
2026-04-16,Basketball,0.0004530366973065786
2026-04-16,Crypto Airdrops,0.0009449111825230334
2026-04-16,Crypto Corporate,0.0051025203856259
2026-04-16,Football / Soccer,0.0004103324314388392
2026-04-16,Hockey,0.0
2026-04-16,Other,0.0005039526306815
2026-04-16,US Elections,0.00012095128852130411
2026-04-17,Basketball,0.0004393168333697429
2026-04-17,Crypto Airdrops,0.0009449111825230334
2026-04-17,Crypto Corporate,0.0051025203856259
2026-04-17,Football / Soccer,0.00040939245842783694
2026-04-17,Hockey,0.0
2026-04-17,Other,0.0005039526306815
2026-04-17,US Elections,0.00012727589759595068
2026-04-18,Basketball,0.0012788714058944383
2026-04-18,Crypto Airdrops,0.017631478883492632
2026-04-18,Crypto Corporate,0.020626937629090767
2026-04-18,Football / Soccer,0.0005795504664656457
2026-04-18,Hockey,0.011716898663286
2026-04-18,Other,0.006838856945964633
2026-04-18,US Elections,0.00023185663815090412
2026-04-19,Basketball,0.0013646325991020917
2026-04-19,Crypto Airdrops,0.017449359837259298
2026-04-19,Crypto Corporate,0.019304061973557166
2026-04-19,Football / Soccer,0.0005022255995859239
2026-04-19,Hockey,0.011716898663286
2026-04-19,Other,0.006425396041167032
2026-04-19,US Elections,0.00020041038467510274
2026-04-20,Basketball,0.0013646325991020917
2026-04-20,Crypto Airdrops,0.017449359837259298
2026-04-20,Crypto Corporate,0.019304061973557166
2026-04-20,Football / Soccer,0.0002942877978002413
2026-04-20,Hockey,0.011716898663286
2026-04-20,Other,0.006425396041167032
2026-04-20,US Elections,0.00018736569773814658
2026-04-21,Basketball,0.0013646325991020917
2026-04-21,Crypto Airdrops,0.017449359837259298
2026-04-21,Crypto Corporate,0.019304061973557166
2026-04-21,Football / Soccer,0.0002953002423078696
2026-04-21,Hockey,0.011716898663286
2026-04-21,Other,0.006425396041167032
2026-04-21,US Elections,0.00018736569773814658
2026-04-22,Basketball,0.002293416998349742
2026-04-22,Crypto Airdrops,0.023807933630486833
2026-04-22,Crypto Corporate,0.023146700782485635
2026-04-22,Football / Soccer,0.0006313073108346174
2026-04-22,Hockey,0.0123885507819192
2026-04-22,Other,0.0156776948207057
2026-04-22,US Elections,0.0004378984297048849
2026-04-23,Basketball,0.0035063263462096167
2026-04-23,Crypto Airdrops,0.026143557008162704
2026-04-23,Crypto Corporate,0.0231650317097295
2026-04-23,Football / Soccer,0.0006492909853222826
2026-04-23,Hockey,0.0133661797797561
2026-04-23,Other,0.015503159586505102
2026-04-23,US Elections,0.0004918483410947246
2026-04-24,Basketball,0.003686679205540708
2026-04-24,Crypto Airdrops,0.0347391332409711
2026-04-24,Crypto Corporate,0.0231650317097295
2026-04-24,Football / Soccer,0.0006751097201576022
2026-04-24,Hockey,0.0131615421009922
2026-04-24,Other,0.028863306782017966
2026-04-24,US Elections,0.0005362651430224192
2026-04-25,Basketball,0.004383271468832934
2026-04-25,Crypto Airdrops,0.025482902902026167
2026-04-25,Crypto Corporate,0.016712006166843933
2026-04-25,Football / Soccer,0.0005389389662004848
2026-04-25,Hockey,0.0079395034029664
2026-04-25,Other,0.036266152017780405
2026-04-25,US Elections,0.0005038297919287767
2026-04-26,Basketball,0.0046383625279308996
2026-04-26,Crypto Airdrops,0.02995923587856067
2026-04-26,Crypto Corporate,0.023385815692708034
2026-04-26,Football / Soccer,0.0005272178266305739
2026-04-26,Hockey,0.008746427842268
2026-04-26,Other,0.0393949197395854
2026-04-26,US Elections,0.0005163075043733835
2026-04-27,Basketball,0.005662556106162525
2026-04-27,Crypto Airdrops,0.03223983839575576
2026-04-27,Crypto Corporate,0.023385815692708034
2026-04-27,Football / Soccer,0.0005284613684856327
2026-04-27,Hockey,0.0084402663013732
2026-04-27,Other,0.0394123785068328
2026-04-27,US Elections,0.0005679903789699451
2026-04-28,Basketball,0.0060306441820239
2026-04-28,Crypto Airdrops,0.046708465459507166
2026-04-28,Crypto Corporate,0.023599335461452136
2026-04-28,Football / Soccer,0.0005396731391806695
2026-04-28,Hockey,0.0080983537421709
2026-04-28,Other,0.0394007820564587
2026-04-28,US Elections,0.000653900374938952
2026-04-29,Basketball,0.0060580986458674
2026-04-29,Crypto Airdrops,0.05460071890984
2026-04-29,Crypto Corporate,0.020541495658199935
2026-04-29,Football / Soccer,0.00046572061361235215
2026-04-29,Hockey,0.0072036696997334
2026-04-29,Other,0.039659703761404534
2026-04-29,US Elections,0.0005754681227273425
2026-04-30,Basketball,0.00579888229612115
2026-04-30,Crypto Airdrops,0.05791218592067151
2026-04-30,Crypto Corporate,0.020878144608625967
2026-04-30,Football / Soccer,0.0004279634900185739
2026-04-30,Hockey,0.0037937919213971
2026-04-30,Other,0.03967469140281917
2026-04-30,US Elections,0.0006033233345243617
2026-05-01,Basketball,0.005956758612064799
2026-05-01,Crypto Airdrops,0.05791218592067151
2026-05-01,Crypto Corporate,0.020878144608625967
2026-05-01,Football / Soccer,0.00041981550825596957
2026-05-01,Hockey,0.0043094580368567
2026-05-01,Other,0.035245032692298166
2026-05-01,US Elections,0.0007027394217453603
2026-05-02,Basketball,0.006423827907223956
2026-05-02,Crypto Airdrops,0.05791218592067151
2026-05-02,Crypto Corporate,0.021811619538382232
2026-05-02,Football / Soccer,0.00040926938390853476
2026-05-02,Hockey,0.0044293394111366
2026-05-02,Other,0.03330357484105367
2026-05-02,US Elections,0.0006702024802308315
2026-05-03,Basketball,0.008387098057622434
2026-05-03,Crypto Airdrops,0.05791218592067151
2026-05-03,Crypto Corporate,0.022372205661853235
2026-05-03,Football / Soccer,0.0004030567487342326
2026-05-03,Hockey,0.0045171630372129
2026-05-03,Other,0.03215808367303293
2026-05-03,US Elections,0.0006869350451017
2026-05-04,Basketball,0.007949633975889766
2026-05-04,Crypto Airdrops,0.05731641088098397
2026-05-04,Crypto Corporate,0.019194299772524865
2026-05-04,Football / Soccer,0.0004015506572966848
2026-05-04,Hockey,0.0053884797750121
2026-05-04,Other,0.025277863215381766
2026-05-04,US Elections,0.0006503526176827343
2026-05-05,Basketball,0.009168743555252388
2026-05-05,Crypto Airdrops,0.05632100983526695
2026-05-05,Crypto Corporate,0.02256981296029467
2026-05-05,Football / Soccer,0.0003993639058006261
2026-05-05,Hockey,0.01704859999838
2026-05-05,Other,0.02367078452211203
2026-05-05,US Elections,0.0006397479859074986
2026-05-06,Basketball,0.01099475438332943
2026-05-06,Crypto Airdrops,0.0554159582521802
2026-05-06,Crypto Corporate,0.05791218592067151
2026-05-06,Football / Soccer,0.00011584934214756086
2026-05-06,Hockey,0.020063886059523
2026-05-06,Other,0.017236578627345334
2026-05-06,US Elections,0.0005487876569046685
2026-05-07,Basketball,0.011289223407060043
2026-05-07,Crypto Airdrops,0.04336304937410388
2026-05-07,Crypto Corporate,0.05791218592067151
2026-05-07,Football / Soccer,0.00011151486831759564
2026-05-07,Hockey,0.0261604481540176
2026-05-07,Other,0.0171251618550106
2026-05-07,US Elections,0.0005576404821480055
2026-05-08,Basketball,0.011690241688215572
2026-05-08,Crypto Airdrops,0.04159415420410746
2026-05-08,Crypto Corporate,0.05791218592067151
2026-05-08,Football / Soccer,0.00010913103140225652
2026-05-08,Hockey,0.0269273714523592
2026-05-08,Other,0.017374305594986168
2026-05-08,US Elections,0.00041155307484949866
2026-05-09,Basketball,0.011268913393310957
2026-05-09,Crypto Airdrops,0.04263011982553898
2026-05-09,Crypto Corporate,0.05791218592067151
2026-05-09,Football / Soccer,0.00011734765038074999
2026-05-09,Hockey,0.0269450499031958
2026-05-09,Other,0.0182680014210987
2026-05-09,US Elections,0.0004799701135654726
2026-05-10,Basketball,0.009726214639452271
2026-05-10,Crypto Airdrops,0.0425997181804509
2026-05-10,Crypto Corporate,0.05791218592067151
2026-05-10,Football / Soccer,0.00017969942036967826
2026-05-10,Hockey,0.0267036202289751
2026-05-10,Other,0.019301824301500767
2026-05-10,US Elections,0.00043136155126964664
2026-05-11,Basketball,0.010152409424989987
2026-05-11,Crypto Airdrops,0.0419564505515045
2026-05-11,Crypto Corporate,0.05791218592067151
2026-05-11,Football / Soccer,0.0002153889435486761
2026-05-11,Hockey,0.0370356970657075
2026-05-11,Other,0.016804931832343533
2026-05-11,US Elections,0.00046690592985008765
2026-05-12,Basketball,0.011254248851676482
2026-05-12,Crypto Airdrops,0.0425011690350362
2026-05-12,Crypto Corporate,0.05791218592067151
2026-05-12,Football / Soccer,0.00034352350738769564
2026-05-12,Hockey,0.0335395999067484
2026-05-12,Other,0.015579372274072167
2026-05-12,US Elections,0.0004320678619597479
2026-05-13,Basketball,0.009868449955443
2026-05-13,Crypto Airdrops,0.04902301830526934
2026-05-13,Crypto Corporate,0.05750984694463843
2026-05-13,Football / Soccer,0.00035589503648376084
2026-05-13,Hockey,0.0379974936516808
2026-05-13,Other,0.019858468219916867
2026-05-13,US Elections,0.00047940540434753833
2026-05-14,Basketball,0.011172682573887201
2026-05-14,Crypto Airdrops,0.04881390175363492
2026-05-14,Crypto Corporate,0.0576104316886467
2026-05-14,Football / Soccer,0.0003815126586547152
2026-05-14,Hockey,0.0342523895586306
2026-05-14,Other,0.020345823297288467
2026-05-14,US Elections,0.00039672908041876574
2026-05-15,Basketball,0.01068335857730114
2026-05-15,Crypto Airdrops,0.04927477541106864
2026-05-15,Crypto Corporate,0.05415933230146243
2026-05-15,Football / Soccer,0.0003876207472661587
2026-05-15,Hockey,0.0352168452658126
2026-05-15,Other,0.020482108997598364
2026-05-15,US Elections,0.000413845265709037
2026-05-16,Basketball,0.01110662121596694
2026-05-16,Crypto Airdrops,0.04503129914526846
2026-05-16,Crypto Corporate,0.04881307632666055
2026-05-16,Football / Soccer,0.0004048619783970739
2026-05-16,Hockey,0.03687414244362
2026-05-16,Other,0.019917141239862466
2026-05-16,US Elections,0.0003518088278042206
2026-05-17,Basketball,0.012823857138830075
2026-05-17,Crypto Airdrops,0.05053147403688766
2026-05-17,Crypto Corporate,0.04950779842144723
2026-05-17,Football / Soccer,0.00038505693546851303
2026-05-17,Hockey,0.0368910880966173
2026-05-17,Other,0.017605552207881636
2026-05-17,US Elections,0.0003557040373643575
2026-05-18,Basketball,0.0107577403438581
2026-05-18,Crypto Airdrops,0.046596604027245955
2026-05-18,Crypto Corporate,0.04879149045855905
2026-05-18,Football / Soccer,0.0004030208698329826
2026-05-18,Hockey,0.0262199941883688
2026-05-18,Other,0.016627015916600534
2026-05-18,US Elections,0.00030332291177691647
2026-05-19,Basketball,0.012260586454229566
2026-05-19,Crypto Airdrops,0.04279387228471032
2026-05-19,Crypto Corporate,0.046083723449871175
2026-05-19,Football / Soccer,0.00027074539956583693
2026-05-19,Hockey,0.0255158680786981
2026-05-19,Other,0.016632936141015
2026-05-19,US Elections,0.0003813016663776466
2026-05-20,Basketball,0.02613970586665677
2026-05-20,Crypto Airdrops,0.03848943411089825
2026-05-20,Crypto Corporate,0.04282895087015577
2026-05-20,Football / Soccer,0.00027963994746626954
2026-05-20,Hockey,0.0155987636872743
2026-05-20,Other,0.011055308280783266
2026-05-20,US Elections,0.00039534474884470413
2026-05-21,Basketball,0.026630832802622767
2026-05-21,Crypto Airdrops,0.031042489175276754
2026-05-21,Crypto Corporate,0.0497337637270424
2026-05-21,Football / Soccer,0.00024239289574215002
2026-05-21,Hockey,0.016057189459346
2026-05-21,Other,0.009068487034106634
2026-05-21,US Elections,0.00039534035407975477
2026-05-22,Basketball,0.0265655583869603
2026-05-22,Crypto Airdrops,0.035828579968228386
2026-05-22,Crypto Corporate,0.04695913521895423
2026-05-22,Football / Soccer,0.00028743537949987174
2026-05-22,Hockey,0.0437405772165628
2026-05-22,Other,0.010030588533173566
2026-05-22,US Elections,0.00036551068575035894
2026-05-23,Basketball,0.0269885183243786
2026-05-23,Crypto Airdrops,0.03213072333959967
2026-05-23,Crypto Corporate,0.04700110093254608
2026-05-23,Football / Soccer,0.0004207410338577478
2026-05-23,Hockey,0.0464423605896907
2026-05-23,Other,0.011434535113402033
2026-05-23,US Elections,0.00042997074190176713
2026-05-24,Basketball,0.026997374434202765
2026-05-24,Crypto Airdrops,0.032053643278418066
2026-05-24,Crypto Corporate,0.04762454798974118
2026-05-24,Football / Soccer,0.0004354854699655826
2026-05-24,Hockey,0.0579121859206715
2026-05-24,Other,0.011445814664016334
2026-05-24,US Elections,0.0004444472547792849
2026-05-25,Basketball,0.028530007836682265
2026-05-25,Crypto Airdrops,0.031517621265389255
2026-05-25,Crypto Corporate,0.04760675424248495
2026-05-25,Football / Soccer,0.0004444897337281587
2026-05-25,Hockey,0.0579121859206715
2026-05-25,Other,0.012746888255513032
2026-05-25,US Elections,0.00040827116616682193
2026-05-26,Basketball,0.026920629294874
2026-05-26,Crypto Airdrops,0.040039552382750164
2026-05-26,Crypto Corporate,0.049946490343650174
2026-05-26,Football / Soccer,0.0005057607317331847
2026-05-26,Hockey,0.0579121859206715
2026-05-26,Other,0.013268510402723801
2026-05-26,US Elections,0.0003701315979195096
2026-05-27,Basketball,0.03645450549074445
2026-05-27,Crypto Airdrops,0.0334494199768162
2026-05-27,Crypto Corporate,0.05118778681571015
2026-05-27,Football / Soccer,0.0005106689857914239
2026-05-27,Hockey,0.0579121859206715
2026-05-27,Other,0.012813641768249534
2026-05-27,US Elections,0.0003662445072644151
2026-05-28,Basketball,0.03742100653962065
2026-05-28,Crypto Airdrops,0.033945772573351
2026-05-28,Crypto Corporate,0.04438339190325905
2026-05-28,Football / Soccer,0.0005751134662692935
2026-05-28,Other,0.013250963460989534
2026-05-28,US Elections,0.00036106998771345616
2026-05-29,Basketball,0.0376376278257295
2026-05-29,Crypto Airdrops,0.029156412203403
2026-05-29,Crypto Corporate,0.04532213561995995
2026-05-29,Football / Soccer,0.000621240336842474
2026-05-29,Other,0.013170263060698933
2026-05-29,US Elections,0.00037742205982940275
2026-05-30,Basketball,0.0385035932564741
2026-05-30,Crypto Airdrops,0.028190596368278
2026-05-30,Crypto Corporate,0.046511496852166524
2026-05-30,Football / Soccer,0.0005313251409658825
2026-05-30,Other,0.010933193801117166
2026-05-30,US Elections,0.00039004614824013014
